ID,Sex,Marital status,Age,Education,Income,Occupation,Settlement size,cluster
100000001,0,0,33.0,2,124670.0,1,2,1
100000002,1,1,22.0,1,150773.0,1,2,1
100000003,0,0,49.0,1,89210.0,0,0,0
100000004,0,0,45.0,1,171565.0,1,1,1
100000005,0,0,53.0,1,149031.0,1,1,1
100000006,0,0,35.0,1,144848.0,0,0,0
100000007,0,0,53.0,1,156495.0,1,1,1
100000008,0,0,35.0,1,193621.0,2,1,1
100000009,0,1,61.0,2,151591.0,0,0,1
100000010,0,1,28.0,1,174646.0,2,0,1
100000011,1,1,25.0,1,108469.0,1,0,0
100000012,1,1,24.0,1,127596.0,1,0,0
100000013,1,1,22.0,1,108687.0,1,2,0
100000014,0,0,60.0,2,89374.0,0,0,0
100000015,1,1,28.0,1,102899.0,1,1,0
100000016,1,1,32.0,1,88428.0,0,0,0
100000017,0,0,53.0,1,125550.0,1,0,1
100000018,0,0,25.0,0,157434.0,1,2,1
100000019,1,1,44.0,2,115548.5,2,2,1
100000020,0,0,31.0,0,144657.0,1,1,1
100000021,0,0,48.0,1,118777.0,1,1,1
100000022,0,0,44.0,1,147511.0,1,1,1
100000023,0,0,48.0,1,89804.0,0,0,0
100000024,0,0,44.0,1,134918.0,1,2,1
100000025,0,1,26.0,1,103667.0,1,2,0
100000026,0,0,36.0,1,71909.0,0,0,0
100000027,0,1,39.0,1,68264.0,0,0,0
100000028,1,1,42.0,2,163025.0,1,1,1
100000029,0,0,34.0,1,119307.0,1,1,1
100000030,0,0,63.0,2,175882.0,1,0,1
100000031,0,1,36.0,1,159646.0,1,1,1
100000032,0,0,27.0,0,120131.0,1,1,0
100000033,0,0,30.0,0,162745.0,1,2,1
100000034,0,0,57.0,2,87605.0,0,0,0
100000035,1,1,33.0,1,155569.0,2,1,1
100000036,0,0,25.0,0,104505.0,0,0,0
100000037,0,0,31.0,0,143385.0,1,2,1
100000038,0,0,37.0,1,127676.0,1,1,1
100000039,0,0,37.0,1,119276.0,1,1,1
100000040,0,0,24.0,0,92542.0,1,1,0
100000041,0,0,30.0,0,163329.0,2,1,1
100000042,0,1,26.0,1,130921.0,1,0,0
100000043,0,0,44.0,1,133658.0,0,0,1
100000044,0,1,24.0,1,155104.0,1,1,1
100000045,1,1,58.0,2,142335.0,0,1,1
100000046,1,1,35.0,1,138387.0,2,1,1
100000047,0,0,39.0,1,140182.0,1,0,1
100000048,1,1,23.0,1,65421.0,0,0,0
100000049,0,0,39.0,1,130500.0,0,0,0
100000050,1,1,28.0,1,122831.0,1,0,0
100000051,0,0,29.0,0,84531.0,0,0,0
100000052,0,0,30.0,0,180196.0,2,2,1
100000053,0,0,25.0,0,92058.0,1,2,0
100000054,0,0,31.0,0,117158.0,1,0,0
100000055,0,0,57.0,2,135830.0,1,1,1
100000056,0,0,26.0,0,58258.0,0,0,0
100000057,0,0,52.0,1,115548.5,2,2,1
100000058,1,1,31.0,1,183657.0,1,1,1
100000059,1,1,23.0,1,152267.0,2,1,1
100000060,1,1,23.0,1,115240.0,0,0,0
100000061,0,1,27.0,1,106955.0,1,2,1
100000062,0,0,50.0,1,123641.0,1,1,1
100000063,0,0,61.0,2,166410.0,2,1,1
100000064,0,0,25.0,0,115548.5,1,2,1
100000065,1,1,26.0,1,118372.0,1,1,0
100000066,0,0,48.0,1,148115.0,1,1,1
100000067,1,1,29.0,1,111069.0,1,0,0
100000068,0,1,22.0,1,139780.0,1,0,0
100000069,0,0,37.0,1,106978.0,1,2,1
100000070,1,1,25.0,1,110019.0,1,2,0
100000071,1,1,30.0,1,169102.0,1,1,1
100000072,0,0,46.0,1,73703.0,0,0,0
100000073,0,0,51.0,1,141858.0,2,2,1
100000074,1,1,41.0,2,135959.0,0,0,0
100000075,0,0,40.0,1,140888.0,2,2,1
100000076,0,0,33.0,2,157299.0,2,2,1
100000077,0,0,34.0,1,125187.0,1,1,1
100000078,0,0,51.0,1,155486.0,1,2,1
100000079,0,0,39.0,1,151697.0,0,0,1
100000080,0,1,22.0,1,126400.0,1,1,0
100000081,1,1,44.0,2,159246.0,1,2,1
100000082,0,0,47.0,1,136138.0,1,1,1
100000083,1,1,24.0,1,84792.0,0,0,0
100000084,1,1,58.0,2,100210.0,0,0,0
100000085,0,0,52.0,1,93706.0,0,0,0
100000086,1,1,29.0,1,133783.0,2,1,1
100000087,1,1,27.0,1,110064.0,1,2,0
100000088,0,0,47.0,1,115548.5,1,1,1
100000089,0,0,30.0,0,149022.0,2,2,1
100000090,0,0,28.0,0,92973.0,1,2,0
100000091,0,0,56.0,1,110605.0,1,1,1
100000092,0,0,54.0,1,116604.0,1,1,1
100000093,1,1,33.0,1,71070.0,0,0,0
100000094,0,0,20.0,0,128678.0,1,1,0
100000095,0,0,54.0,1,165230.0,1,2,1
100000096,0,0,58.0,2,115548.5,1,1,1
100000097,1,1,61.0,2,135070.0,1,1,1
100000098,0,0,34.0,1,134794.0,1,2,1
100000099,0,0,36.0,1,120153.0,1,1,1
100000100,0,0,36.0,1,195465.0,2,2,1
100000101,0,1,41.0,1,93372.0,0,0,0
100000102,0,0,24.0,0,110446.0,1,0,0
100000103,1,1,24.0,1,95186.0,1,1,0
100000104,0,0,35.0,1,115343.0,1,1,1
100000105,0,1,26.0,1,107276.0,1,1,0
100000106,0,0,39.0,1,115548.5,2,2,1
100000107,0,0,39.0,1,183108.0,2,2,1
100000108,0,0,32.0,0,152876.0,1,2,1
100000109,1,1,30.0,1,165147.0,1,0,1
100000110,0,1,35.0,1,140520.0,1,0,1
100000111,0,1,31.0,1,124203.0,1,1,1
100000112,1,1,23.0,1,107205.0,1,1,0
100000113,0,0,28.0,0,121432.0,0,2,1
100000114,1,1,25.0,1,162445.0,1,0,1
100000115,0,1,35.0,1,134112.0,1,1,1
100000116,0,0,47.0,1,131842.0,1,1,1
100000117,1,1,30.0,1,189896.0,2,0,1
100000118,1,1,27.0,1,109099.0,1,2,0
100000119,1,1,23.0,1,153539.0,1,1,1
100000120,0,1,36.0,1,180495.0,2,1,1
100000121,1,1,25.0,1,104653.0,1,2,0
100000122,1,1,41.0,2,166933.0,2,2,1
100000123,0,0,24.0,0,66118.0,0,0,0
100000124,0,0,63.0,2,135754.0,1,0,1
100000125,1,1,27.0,1,116103.0,1,2,1
100000126,0,0,30.0,0,104293.0,1,1,0
100000127,0,1,40.0,1,71702.0,0,0,0
100000128,0,0,30.0,0,99066.0,1,2,0
100000129,0,0,34.0,1,143979.0,2,2,1
100000130,1,1,29.0,1,123818.0,1,0,0
100000131,1,1,24.0,1,176714.0,1,2,1
100000132,0,0,29.0,0,149249.0,1,2,1
100000133,0,0,27.0,0,77535.0,0,0,0
100000134,0,0,47.0,1,116540.0,1,1,1
100000135,1,1,21.0,1,194728.0,1,0,1
100000136,1,1,38.0,1,109311.0,1,2,1
100000137,0,0,27.0,0,115548.5,1,2,1
100000138,0,0,33.0,2,126003.0,0,0,0
100000139,0,0,35.0,1,123109.0,1,1,1
100000140,1,1,44.0,2,108251.0,0,0,0
100000141,0,1,27.0,1,89908.0,0,0,0
100000142,1,1,30.0,1,176057.0,2,1,1
100000143,0,0,27.0,0,144332.0,2,2,1
100000144,0,0,22.0,0,101185.0,1,1,0
100000145,1,1,23.0,1,107406.0,1,2,0
100000146,0,0,30.0,0,140665.0,1,1,1
100000147,1,1,39.0,2,106461.0,1,0,0
100000148,1,1,51.0,2,127825.0,1,0,1
100000149,0,0,28.0,0,133898.0,1,1,1
100000150,0,0,46.0,1,152383.0,1,2,1
100000151,0,0,42.0,1,119926.0,1,0,1
100000152,0,0,38.0,1,108784.0,1,2,1
100000153,0,0,24.0,0,153286.0,1,1,1
100000154,1,1,29.0,1,115548.5,1,2,1
100000155,0,0,36.0,1,115548.5,2,2,1
100000156,1,1,20.0,1,95355.0,1,1,0
100000157,0,0,48.0,1,124156.0,1,1,1
100000158,0,1,45.0,2,72215.0,0,0,0
100000159,0,0,38.0,1,146529.0,1,2,1
100000160,0,0,34.0,1,75343.0,0,0,0
100000161,0,0,36.0,1,129789.0,1,1,1
100000162,1,1,30.0,1,101153.0,1,1,0
100000163,0,0,36.0,1,127833.0,1,2,1
100000164,0,0,33.0,2,115548.5,2,2,1
100000165,0,0,36.0,1,124445.0,1,2,1
100000166,0,0,32.0,0,141116.0,1,1,1
100000167,1,1,33.0,1,104276.0,1,2,1
100000168,1,1,20.0,1,147687.0,1,2,1
100000169,1,1,25.0,1,125168.0,1,1,0
100000170,0,1,31.0,1,115369.0,1,2,1
100000171,0,0,33.0,1,95445.0,1,0,0
100000172,1,1,26.0,1,95159.0,1,1,0
100000173,1,1,34.0,1,153031.0,2,2,1
100000174,0,0,33.0,1,108899.0,1,0,0
100000175,0,0,26.0,0,113515.0,1,1,0
100000176,1,1,53.0,2,115548.5,2,0,1
100000177,0,1,42.0,2,121307.0,1,0,1
100000178,0,0,52.0,1,131727.0,1,2,1
100000179,0,0,31.0,0,133574.0,2,1,1
100000180,0,0,33.0,2,117334.0,1,0,0
100000181,0,1,28.0,1,177291.0,1,2,1
100000182,0,1,30.0,1,168763.0,2,1,1
100000183,0,0,40.0,1,77720.0,0,0,0
100000184,0,0,50.0,1,176645.0,1,2,1
100000185,0,0,36.0,1,106205.0,1,1,0
100000186,0,0,31.0,0,97785.0,1,1,0
100000187,1,1,33.0,3,115548.5,2,1,1
100000188,0,0,33.0,2,74525.0,0,0,0
100000189,0,1,20.0,1,98988.0,1,0,0
100000190,1,1,33.0,1,133561.0,1,1,1
100000191,0,0,54.0,1,115548.5,2,2,1
100000192,0,0,34.0,1,116525.0,0,0,0
100000193,0,0,36.0,1,135302.0,1,2,1
100000194,0,1,29.0,1,106434.0,1,1,0
100000195,0,0,21.0,0,128350.0,1,2,1
100000196,1,1,34.0,1,147626.0,2,2,1
100000197,1,1,28.0,1,102697.0,1,0,0
100000198,1,1,27.0,1,120262.0,1,0,0
100000199,0,0,36.0,1,124214.0,1,2,1
100000200,0,1,40.0,1,175223.0,2,1,1
100000201,0,0,52.0,1,137467.0,1,0,1
100000202,0,1,27.0,1,65815.0,0,0,0
100000203,0,0,26.0,0,129864.0,1,1,0
100000204,0,1,21.0,1,88475.0,1,1,0
100000205,0,0,38.0,1,74666.0,0,0,0
100000206,0,0,38.0,1,115548.5,2,2,1
100000207,0,0,43.0,1,112878.0,1,0,0
100000208,0,0,26.0,0,103411.0,1,2,0
100000209,0,1,21.0,1,112868.0,0,0,0
100000210,0,0,55.0,1,157940.0,1,2,1
100000211,0,0,33.0,1,115835.0,1,2,1
100000212,1,1,45.0,2,109807.0,0,0,0
100000213,0,0,50.0,1,150699.0,1,1,1
100000214,0,0,33.0,2,178967.0,2,0,1
100000215,0,0,51.0,1,132767.0,1,0,1
100000216,1,1,39.0,2,86152.0,0,0,0
100000217,0,0,31.0,0,114528.0,1,2,1
100000218,0,0,23.0,0,133912.0,1,1,0
100000219,0,1,24.0,1,81210.0,0,0,0
100000220,1,1,64.0,3,131242.0,1,0,1
100000221,0,1,26.0,1,68804.0,0,0,0
100000222,1,1,23.0,1,96961.0,1,1,0
100000223,0,0,30.0,0,90719.0,1,2,0
100000224,0,0,32.0,0,114116.0,1,1,0
100000225,0,0,30.0,0,128639.0,1,1,1
100000226,0,0,27.0,0,106623.0,1,1,0
100000227,0,0,27.0,0,115548.5,1,1,0
100000228,0,0,53.0,1,115548.5,2,1,1
100000229,0,0,22.0,0,91739.0,1,1,0
100000230,0,0,22.0,0,107780.0,1,2,0
100000231,0,0,26.0,0,139157.0,1,2,1
100000232,0,0,51.0,1,121751.0,0,0,1
100000233,0,0,35.0,1,121974.0,1,0,0
100000234,0,1,25.0,1,70320.0,0,0,0
100000235,0,0,42.0,1,78327.0,0,0,0
100000236,0,0,30.0,0,131433.0,2,0,1
100000237,0,0,23.0,0,167076.0,0,2,1
100000238,0,1,61.0,2,130788.0,0,0,1
100000239,1,1,35.0,1,107408.0,1,1,0
100000240,0,0,39.0,1,115323.0,1,1,1
100000241,1,1,29.0,1,99012.0,1,0,0
100000242,0,0,51.0,1,115996.0,1,1,1
100000243,0,0,24.0,0,123353.0,1,1,0
100000244,1,1,27.0,1,100008.0,1,0,0
100000245,1,1,35.0,1,125105.0,0,0,0
100000246,0,0,25.0,0,92020.0,1,2,0
100000247,0,0,52.0,1,108365.0,1,2,1
100000248,0,0,35.0,1,112979.0,1,0,0
100000249,0,0,26.0,0,117221.0,1,1,0
100000250,1,1,22.0,1,88800.0,1,2,0
100000251,1,1,39.0,2,115099.0,0,0,0
100000252,1,1,46.0,2,113399.0,0,0,0
100000253,1,1,24.0,1,115879.0,1,1,0
100000254,0,0,35.0,1,141270.0,1,2,1
100000255,0,0,24.0,0,107633.0,1,1,0
100000256,0,0,27.0,0,131751.0,0,0,0
100000257,0,0,35.0,1,83687.0,0,0,0
100000258,0,1,29.0,1,106828.0,1,2,1
100000259,1,1,23.0,1,135537.0,1,1,0
100000260,1,1,57.0,2,107142.0,0,0,0
100000261,0,0,27.0,0,97446.0,1,1,0
100000262,1,1,55.0,2,126357.0,1,2,1
100000263,0,0,36.0,1,169617.0,2,1,1
100000264,1,1,57.0,2,108945.0,0,0,0
100000265,0,0,32.0,0,67345.0,0,0,0
100000266,0,0,37.0,1,106215.0,1,0,0
100000267,0,0,36.0,1,149237.0,1,0,1
100000268,1,1,38.0,1,112124.0,1,0,0
100000269,0,1,45.0,2,115548.5,2,2,1
100000270,0,0,25.0,0,89534.0,1,1,0
100000271,0,0,32.0,0,111082.0,1,2,1
100000272,1,1,37.0,1,137069.0,1,1,1
100000273,0,0,36.0,1,115548.5,2,2,1
100000274,0,0,28.0,0,120712.0,1,1,0
100000275,0,1,34.0,1,175367.0,0,0,1
100000276,0,0,32.0,0,111418.0,1,1,0
100000277,1,1,26.0,1,110913.0,1,0,0
100000278,0,1,49.0,2,84267.0,0,0,0
100000279,1,1,32.0,1,136886.0,1,2,1
100000280,0,0,29.0,0,144884.0,2,2,1
100000281,0,0,23.0,0,151180.0,1,1,1
100000282,0,0,50.0,1,114997.0,1,1,1
100000283,0,0,49.0,1,100961.0,0,0,0
100000284,0,0,63.0,2,124849.0,1,2,1
100000285,0,1,37.0,1,152308.0,1,2,1
100000286,1,1,35.0,1,167945.0,0,1,1
100000287,0,0,26.0,0,126706.0,1,2,1
100000288,0,0,31.0,0,115548.5,2,2,1
100000289,1,1,49.0,2,125665.0,1,1,1
100000290,0,1,48.0,2,111184.0,1,1,1
100000291,0,1,26.0,1,94134.0,1,0,0
100000292,0,1,28.0,1,115548.5,2,1,1
100000293,1,1,44.0,2,193816.0,2,1,1
100000294,0,0,56.0,1,168714.0,1,1,1
100000295,0,1,46.0,2,115548.5,2,1,1
100000296,1,1,26.0,1,192451.0,1,2,1
100000297,1,1,20.0,1,127928.0,1,2,1
100000298,0,0,45.0,1,78253.0,0,0,0
100000299,0,0,43.0,1,118446.0,1,1,1
100000300,0,0,32.0,0,161379.0,1,2,1
100000301,1,1,54.0,2,56622.0,0,0,0
100000302,1,1,42.0,2,146117.0,1,1,1
100000303,0,0,37.0,1,90418.0,0,0,0
100000304,0,0,49.0,1,109053.0,1,0,1
100000305,0,0,44.0,1,115548.5,1,0,1
100000306,0,1,33.0,1,144701.0,1,1,1
100000307,1,1,24.0,1,102425.0,0,0,0
100000308,0,1,33.0,1,79867.0,0,0,0
100000309,1,1,24.0,1,107114.0,1,2,0
100000310,0,1,22.0,1,62263.0,0,0,0
100000311,0,0,40.0,1,92567.0,0,0,0
100000312,0,0,25.0,0,146349.0,1,0,0
100000313,1,1,26.0,1,141825.0,1,1,1
100000314,0,1,25.0,1,68582.0,0,0,0
100000315,0,0,29.0,0,85476.0,0,0,0
100000316,0,0,31.0,0,111091.0,1,2,1
100000317,0,0,38.0,1,67110.0,0,0,0
100000318,1,1,48.0,2,126154.0,0,0,0
100000319,0,0,32.0,0,92257.0,1,2,0
100000320,1,1,27.0,1,93605.0,0,0,0
100000321,0,1,28.0,1,165190.0,2,0,1
100000322,0,1,32.0,1,107195.0,1,0,0
100000323,0,0,34.0,1,145059.0,2,0,1
100000324,0,0,28.0,0,148363.0,1,0,0
100000325,1,1,36.0,1,105681.0,1,2,1
100000326,0,0,39.0,1,93732.0,0,0,0
100000327,0,0,49.0,1,154778.0,1,2,1
100000328,1,1,34.0,1,149356.0,1,2,1
100000329,0,0,31.0,0,145670.0,1,1,1
100000330,0,0,28.0,0,101589.0,1,2,0
100000331,0,0,33.0,2,115548.5,2,1,1
100000332,1,1,30.0,1,122420.0,1,0,0
100000333,1,1,24.0,1,115548.5,2,1,0
100000334,1,1,24.0,1,181003.0,0,0,1
100000335,0,0,23.0,0,117804.0,1,1,0
100000336,0,1,44.0,2,160650.0,2,1,1
100000337,1,1,23.0,1,84611.0,0,0,0
100000338,1,1,24.0,1,98479.0,1,2,0
100000339,0,0,28.0,0,122359.0,1,2,1
100000340,0,1,31.0,1,81394.0,0,0,0
100000341,1,1,24.0,1,150372.0,1,1,1
100000342,1,1,26.0,1,92385.0,0,0,0
100000343,0,1,25.0,1,149851.0,1,2,1
100000344,0,0,33.0,1,167939.0,2,1,1
100000345,0,0,37.0,1,115426.0,0,0,0
100000346,1,1,43.0,2,85402.0,0,0,0
100000347,0,0,23.0,0,95815.0,1,2,0
100000348,1,1,23.0,1,97518.0,0,0,0
100000349,0,0,34.0,1,87355.0,0,0,0
100000350,0,0,32.0,0,145933.0,1,1,1
100000351,1,1,23.0,1,97307.0,1,0,0
100000352,1,1,29.0,1,108434.0,1,2,0
100000353,0,0,38.0,1,151312.0,2,1,1
100000354,0,0,28.0,0,141847.0,1,1,1
100000355,0,0,46.0,1,130675.0,1,2,1
100000356,0,0,23.0,0,69309.0,0,0,0
100000357,0,0,49.0,1,121466.0,1,2,1
100000358,0,0,26.0,0,153586.0,2,2,1
100000359,0,1,28.0,1,92849.0,1,0,0
100000360,1,1,23.0,1,108539.0,1,2,0
100000361,0,0,61.0,2,129556.0,1,2,1
100000362,0,0,37.0,1,170146.0,2,0,1
100000363,1,1,36.0,1,135383.0,1,1,1
100000364,0,1,21.0,1,96769.0,1,2,0
100000365,0,0,25.0,0,43684.0,0,0,0
100000366,0,0,36.0,1,103521.0,1,0,0
100000367,0,0,27.0,0,118499.0,1,1,0
100000368,1,1,22.0,1,119684.0,1,2,0
100000369,0,0,42.0,1,126586.0,1,1,1
100000370,1,1,40.0,2,136812.0,1,2,1
100000371,0,0,36.0,1,118277.0,1,1,1
100000372,0,0,33.0,1,144597.0,1,1,1
100000373,1,1,23.0,1,106043.0,1,0,0
100000374,0,0,63.0,2,115548.5,2,2,1
100000375,1,1,60.0,2,115548.5,2,2,1
100000376,1,1,37.0,1,170386.0,1,1,1
100000377,0,1,34.0,1,112458.0,1,0,0
100000378,0,0,36.0,1,96840.0,1,1,0
100000379,0,0,57.0,2,115548.5,2,1,1
100000380,1,1,52.0,2,95551.0,0,0,0
100000381,0,0,39.0,1,112347.0,1,2,1
100000382,1,1,38.0,1,115548.5,2,2,1
100000383,1,1,25.0,1,99354.0,1,0,0
100000384,0,0,26.0,0,111509.0,1,2,1
100000385,0,0,26.0,0,105252.0,0,0,0
100000386,1,1,25.0,1,108522.0,1,0,0
100000387,1,1,21.0,1,94655.0,1,1,0
100000388,0,0,40.0,1,115548.5,2,1,1
100000389,0,0,27.0,0,139868.0,1,2,1
100000390,1,1,27.0,1,102543.0,1,1,0
100000391,0,1,30.0,1,134467.0,2,2,1
100000392,1,1,19.0,1,111187.0,0,0,0
100000393,0,0,39.0,1,152302.0,2,1,1
100000394,1,1,31.0,1,110610.0,1,2,1
100000395,0,0,31.0,0,137827.0,2,2,1
100000396,0,0,32.0,0,115548.5,1,2,1
100000397,1,1,55.0,2,165717.0,2,2,1
100000398,0,1,46.0,2,122299.0,1,0,1
100000399,0,1,46.0,2,120499.0,1,0,1
100000400,1,1,43.0,2,126449.0,0,0,0
100000401,0,1,39.0,1,108315.0,1,2,1
100000402,0,1,28.0,1,112515.0,1,1,0
100000403,0,0,27.0,0,164559.0,1,1,1
100000404,0,0,27.0,0,59238.0,0,0,0
100000405,0,0,43.0,1,131133.0,1,0,1
100000406,0,1,22.0,1,109188.0,1,0,0
100000407,0,0,43.0,1,115393.0,1,1,1
100000408,0,1,27.0,1,94711.0,1,2,0
100000409,0,1,26.0,1,171860.0,2,0,1
100000410,0,1,28.0,1,139414.0,1,2,1
100000411,1,1,20.0,1,110931.0,1,1,0
100000412,0,0,35.0,1,187549.0,2,2,1
100000413,0,0,42.0,1,145508.0,2,0,1
100000414,0,0,40.0,1,104240.0,0,0,0
100000415,1,1,35.0,1,108272.0,1,1,0
100000416,0,0,35.0,1,144004.0,1,2,1
100000417,0,0,33.0,1,81083.0,0,0,0
100000418,1,1,23.0,1,166763.0,1,1,1
100000419,1,1,31.0,1,175530.0,2,1,1
100000420,1,1,33.0,1,112422.0,1,1,0
100000421,1,1,20.0,1,154134.0,1,2,1
100000422,0,0,30.0,0,112401.0,1,1,0
100000423,0,0,47.0,1,85690.0,0,0,0
100000424,0,0,34.0,1,145896.0,2,2,1
100000425,1,1,25.0,1,122552.0,1,2,1
100000426,0,1,21.0,1,115494.0,1,2,0
100000427,0,0,29.0,0,109467.0,1,0,0
100000428,0,0,46.0,1,148226.0,1,2,1
100000429,0,0,20.0,0,88559.0,1,1,0
100000430,1,1,55.0,2,62393.0,0,0,0
100000431,0,0,33.0,2,122133.0,0,0,0
100000432,0,0,29.0,0,115548.5,2,2,1
100000433,0,0,36.0,1,136689.0,2,2,1
100000434,0,1,33.0,1,109145.0,1,0,0
100000435,0,0,25.0,0,100449.0,1,2,0
100000436,0,1,25.0,1,106253.0,1,0,0
100000437,0,1,23.0,1,84747.0,0,0,0
100000438,1,1,37.0,1,149465.0,1,1,1
100000439,0,0,33.0,2,84435.0,0,0,0
100000440,1,1,26.0,1,51681.0,0,0,0
100000441,0,0,39.0,1,139198.0,2,1,1
100000442,1,1,30.0,1,106577.0,1,1,0
100000443,0,0,29.0,0,117372.0,1,2,1
100000444,0,0,41.0,1,69609.0,0,0,0
100000445,1,1,30.0,1,178947.0,2,2,1
100000446,1,1,41.0,2,81743.0,0,0,0
100000447,1,1,34.0,1,111900.0,1,1,0
100000448,0,0,35.0,1,121650.0,1,0,0
100000449,1,1,55.0,2,172639.0,2,2,1
100000450,0,1,61.0,2,175740.0,1,1,1
100000451,0,0,30.0,0,115548.5,2,2,1
100000452,1,1,29.0,1,95200.0,1,1,0
100000453,0,0,34.0,1,113609.0,1,1,1
100000454,0,0,35.0,1,143552.0,2,2,1
100000455,0,0,31.0,0,130973.0,1,2,1
100000456,1,1,29.0,1,145946.0,2,2,1
100000457,0,0,36.0,1,126206.0,1,1,1
100000458,0,0,35.0,1,120426.0,1,0,0
100000459,1,1,27.0,1,91925.0,1,2,0
100000460,0,0,32.0,0,129630.0,1,2,1
100000461,0,0,37.0,1,124268.0,1,2,1
100000462,0,0,36.0,1,105240.0,1,1,0
100000463,1,1,34.0,1,162180.0,2,0,1
100000464,0,0,38.0,1,106552.0,1,2,1
100000465,0,0,34.0,1,105843.0,1,2,1
100000466,0,0,63.0,2,138327.0,1,1,1
100000467,1,1,29.0,1,76154.0,0,0,0
100000468,0,0,32.0,0,155012.0,1,1,1
100000469,1,1,26.0,1,114369.0,1,1,0
100000470,0,0,35.0,1,102839.0,0,0,0
100000471,0,1,22.0,1,132796.0,1,0,0
100000472,1,1,23.0,1,89742.0,1,2,0
100000473,0,0,28.0,0,58615.0,0,0,0
100000474,0,0,36.0,1,130603.0,2,2,1
100000475,0,1,33.0,1,110340.0,1,0,0
100000476,1,1,26.0,1,117729.0,1,2,1
100000477,0,0,24.0,0,130808.0,1,0,0
100000478,0,0,25.0,0,147402.0,1,2,1
100000479,0,0,39.0,1,93567.0,0,0,0
100000480,0,0,44.0,1,109289.0,1,1,1
100000481,1,1,23.0,1,98742.0,0,0,0
100000482,0,0,26.0,0,101270.0,1,0,0
100000483,1,1,57.0,2,187835.0,1,1,1
100000484,1,1,30.0,1,140741.0,1,0,0
100000485,0,0,44.0,1,133265.0,1,2,1
100000486,0,0,47.0,1,148100.0,2,2,1
100000487,0,0,52.0,1,131021.0,1,2,1
100000488,1,1,62.0,2,152620.0,1,2,1
100000489,0,0,35.0,1,85033.0,0,0,0
100000490,0,0,26.0,0,114514.0,1,1,0
100000491,0,0,26.0,0,99307.0,1,1,0
100000492,1,1,42.0,2,115548.5,2,2,1
100000493,1,1,27.0,1,114007.0,1,0,0
100000494,0,0,38.0,1,102846.0,1,0,0
100000495,0,0,39.0,1,81483.0,0,0,0
100000496,0,1,20.0,1,107779.0,1,2,0
100000497,0,0,29.0,0,115548.5,2,2,1
100000498,0,0,40.0,1,107125.0,1,0,0
100000499,0,1,32.0,1,80080.0,0,0,0
100000500,0,1,28.0,1,129600.0,1,0,0
100000501,1,1,27.0,1,118613.0,1,1,0
100000502,0,0,42.0,1,146237.0,1,1,1
100000503,0,1,49.0,2,144461.0,1,2,1
100000504,0,0,38.0,1,124487.0,1,0,0
100000505,1,1,24.0,1,97826.0,1,0,0
100000506,0,0,27.0,0,64105.0,0,0,0
100000507,0,0,36.0,1,156374.0,1,2,1
100000508,0,0,34.0,1,115548.5,2,2,1
100000509,0,1,28.0,1,98964.0,1,2,0
100000510,0,0,45.0,1,115548.5,2,2,1
100000511,0,0,26.0,0,88027.0,1,2,0
100000512,0,0,32.0,0,160513.0,2,2,1
100000513,0,0,26.0,0,124536.0,1,2,1
100000514,0,1,20.0,1,93634.0,1,0,0
100000515,0,0,54.0,1,124725.0,1,0,1
100000516,1,1,37.0,1,102456.0,1,0,0
100000517,0,0,40.0,1,74975.0,0,0,0
100000518,1,1,23.0,1,153861.0,1,1,1
100000519,0,0,43.0,1,119351.0,1,2,1
100000520,0,0,36.0,1,95438.0,1,2,1
100000521,0,0,44.0,1,147967.0,1,2,1
100000522,1,1,24.0,1,116863.0,1,1,0
100000523,0,0,53.0,1,170622.0,1,1,1
100000524,1,1,23.0,1,132426.0,1,1,0
100000525,1,1,26.0,1,77519.0,0,0,0
100000526,0,0,30.0,0,169405.0,1,2,1
100000527,1,1,31.0,1,120030.0,1,0,0
100000528,0,0,42.0,1,77933.0,0,0,0
100000529,0,1,31.0,1,109892.0,1,1,0
100000530,0,0,41.0,1,69062.0,0,0,0
100000531,0,0,32.0,0,116348.0,1,0,0
100000532,1,1,28.0,1,137188.0,1,1,1
100000533,0,1,41.0,1,110199.0,1,0,0
100000534,0,1,26.0,1,109890.0,1,1,0
100000535,0,0,25.0,0,109751.0,1,2,0
100000536,0,1,33.0,1,129651.0,1,1,1
100000537,1,1,33.0,3,170113.0,2,1,1
100000538,1,1,37.0,1,140285.0,1,1,1
100000539,0,0,42.0,1,198029.0,2,2,1
100000540,1,1,45.0,2,120262.0,0,0,0
100000541,0,1,23.0,1,105137.0,1,1,0
100000542,0,0,60.0,2,127371.0,1,0,1
100000543,0,0,31.0,0,145689.0,1,0,1
100000544,0,0,34.0,1,102617.0,0,1,0
100000545,0,0,61.0,2,90709.0,0,0,0
100000546,0,0,43.0,1,107099.0,1,1,1
100000547,1,1,37.0,1,116021.0,1,2,1
100000548,0,0,32.0,0,100426.0,1,2,1
100000549,1,1,24.0,1,62249.0,0,0,0
100000550,0,0,35.0,1,172957.0,1,1,1
100000551,1,1,23.0,1,95003.0,1,1,0
100000552,0,0,45.0,1,109698.0,0,0,0
100000553,0,1,34.0,1,157376.0,1,0,1
100000554,0,0,27.0,0,123191.0,1,2,1
100000555,1,1,33.0,3,171052.0,2,0,1
100000556,0,0,22.0,0,99328.0,1,0,0
100000557,1,1,28.0,1,133799.0,1,2,1
100000558,1,1,29.0,1,138256.0,1,2,1
100000559,0,0,27.0,0,115638.0,1,0,0
100000560,0,0,31.0,0,82238.0,0,0,0
100000561,0,0,49.0,1,127543.0,1,1,1
100000562,0,0,24.0,0,63987.0,0,0,0
100000563,1,1,29.0,1,114784.0,1,0,0
100000564,0,0,37.0,1,115548.5,1,1,1
100000565,0,0,37.0,1,173751.0,2,2,1
100000566,1,1,23.0,1,122850.0,1,0,0
100000567,0,1,36.0,1,104953.0,1,0,0
100000568,0,0,34.0,1,152371.0,1,1,1
100000569,0,0,41.0,1,139905.0,1,0,1
100000570,1,1,31.0,1,156700.0,1,1,1
100000571,1,1,23.0,1,86488.0,0,0,0
100000572,0,0,38.0,1,147472.0,1,0,1
100000573,1,1,26.0,1,169991.0,2,0,1
100000574,1,1,22.0,1,62381.0,0,0,0
100000575,0,0,27.0,0,70926.0,0,0,0
100000576,1,1,24.0,1,113004.0,1,1,0
100000577,1,1,27.0,1,125760.0,1,0,0
100000578,1,1,33.0,1,111918.0,1,2,1
100000579,0,1,27.0,1,120674.0,1,1,0
100000580,0,1,27.0,1,63597.0,0,0,0
100000581,0,0,30.0,0,103069.0,1,1,0
100000582,0,0,49.0,1,108079.0,0,0,0
100000583,1,1,26.0,1,101159.0,1,1,0
100000584,0,0,33.0,1,88211.0,0,0,0
100000585,1,1,52.0,2,159052.0,2,1,1
100000586,1,1,20.0,1,102623.0,1,2,0
100000587,0,0,36.0,1,115589.0,1,0,0
100000588,0,0,21.0,0,59127.0,0,0,0
100000589,0,1,47.0,2,82240.0,0,0,0
100000590,0,0,60.0,2,129425.0,1,1,1
100000591,1,1,58.0,2,87058.0,0,0,0
100000592,1,1,42.0,2,128462.0,1,2,1
100000593,1,1,36.0,1,121403.0,0,0,0
100000594,1,1,20.0,1,88141.0,0,0,0
100000595,0,0,40.0,1,134946.0,2,2,1
100000596,1,1,32.0,1,94058.0,0,0,0
100000597,1,1,23.0,1,99285.0,1,1,0
100000598,0,0,36.0,1,108432.0,0,0,0
100000599,0,0,31.0,0,111369.0,1,0,0
100000600,0,0,32.0,0,122612.0,1,2,1
100000601,1,1,45.0,2,134350.0,1,0,1
100000602,1,1,30.0,1,108838.0,1,2,1
100000603,1,1,34.0,1,90852.0,0,0,0
100000604,1,1,28.0,1,151580.0,2,2,1
100000605,1,1,23.0,1,115681.0,1,1,0
100000606,0,0,22.0,0,131699.0,1,1,0
100000607,0,0,33.0,2,192481.0,2,1,1
100000608,1,1,50.0,2,155122.0,1,2,1
100000609,0,0,33.0,1,106015.0,1,2,1
100000610,0,0,45.0,1,108378.0,1,0,0
100000611,1,1,22.0,1,105257.0,1,1,0
100000612,1,1,48.0,2,118788.0,0,0,0
100000613,1,1,29.0,1,162955.0,1,2,1
100000614,1,1,22.0,1,119511.0,1,2,0
100000615,1,1,22.0,1,102000.0,1,0,0
100000616,0,0,48.0,1,115548.5,2,1,1
100000617,0,0,27.0,0,115548.5,2,2,1
100000618,0,0,37.0,1,124805.0,1,0,0
100000619,1,1,21.0,1,139379.0,1,0,0
100000620,0,1,49.0,2,78296.0,0,0,0
100000621,0,0,27.0,0,125598.0,1,1,0
100000622,0,0,32.0,0,100215.0,1,2,1
100000623,0,1,38.0,1,130951.0,1,2,1
100000624,1,1,22.0,1,102480.0,1,2,0
100000625,0,0,33.0,2,136812.0,1,1,1
100000626,0,0,35.0,1,106919.0,1,1,0
100000627,0,0,41.0,1,131020.0,1,2,1
100000628,0,0,29.0,0,119429.0,1,1,0
100000629,0,0,36.0,1,154521.0,1,1,1
100000630,0,0,64.0,2,117842.0,0,0,1
100000631,1,1,28.0,1,124566.0,1,2,1
100000632,0,0,44.0,1,110009.0,1,2,1
100000633,0,0,23.0,0,101210.0,1,1,0
100000634,1,1,19.0,1,101258.0,1,0,0
100000635,1,1,25.0,1,79045.0,0,0,0
100000636,0,0,47.0,1,110866.0,1,0,1
100000637,1,1,28.0,1,129640.0,1,2,1
100000638,0,0,21.0,0,115548.5,1,1,0
100000639,1,1,34.0,1,108549.0,1,1,0
100000640,0,0,26.0,0,122693.0,1,0,0
100000641,1,1,27.0,1,115548.5,0,0,0
100000642,0,0,38.0,1,81870.0,0,0,0
100000643,0,0,40.0,1,179790.0,2,2,1
100000644,0,1,33.0,1,107158.0,1,1,0
100000645,0,1,32.0,1,136638.0,2,1,1
100000646,0,0,27.0,0,158147.0,1,2,1
100000647,0,1,32.0,1,132587.0,1,2,1
100000648,1,1,26.0,1,128140.0,1,2,1
100000649,0,0,38.0,1,117405.0,1,1,1
100000650,0,0,40.0,1,68475.0,0,0,0
100000651,0,0,50.0,1,115548.5,2,2,1
100000652,0,0,37.0,1,86967.0,0,0,0
100000653,0,0,45.0,1,118006.0,1,1,1
100000654,0,0,42.0,1,115548.5,2,2,1
100000655,0,0,35.0,1,110442.0,1,0,0
100000656,0,0,22.0,0,115691.0,1,2,0
100000657,0,0,41.0,1,80232.0,0,0,0
100000658,0,0,37.0,1,187647.0,1,1,1
100000659,1,1,28.0,1,138952.0,1,1,1
100000660,0,0,41.0,1,162772.0,1,2,1
100000661,0,1,23.0,1,111862.0,1,1,0
100000662,0,1,23.0,1,90051.0,1,1,0
100000663,0,0,50.0,1,121400.0,1,1,1
100000664,0,0,35.0,1,137000.0,2,2,1
100000665,1,1,50.0,2,105031.0,0,0,0
100000666,0,0,27.0,0,172153.0,2,2,1
100000667,0,0,34.0,1,170184.0,1,1,1
100000668,1,1,27.0,1,123279.0,1,1,0
100000669,0,0,43.0,1,140795.0,1,0,1
100000670,0,0,47.0,1,144456.0,1,0,1
100000671,0,0,27.0,0,104773.0,0,0,0
100000672,0,0,31.0,0,153353.0,1,1,1
100000673,0,0,42.0,1,115548.5,2,1,1
100000674,0,1,24.0,1,129177.0,1,2,1
100000675,0,0,41.0,1,114475.0,0,1,1
100000676,1,1,26.0,1,161323.0,2,1,1
100000677,0,0,33.0,1,135765.0,1,2,1
100000678,0,1,24.0,1,158421.0,1,0,1
100000679,0,0,64.0,2,103941.0,0,0,1
100000680,1,1,26.0,1,101783.0,1,2,0
100000681,1,1,56.0,2,126531.0,1,1,1
100000682,0,0,37.0,1,111394.0,1,1,1
100000683,0,1,33.0,1,103577.0,1,2,1
100000684,0,1,47.0,2,149545.0,1,1,1
100000685,0,0,31.0,0,171857.0,0,0,1
100000686,0,0,34.0,1,149782.0,1,1,1
100000687,0,0,27.0,0,112470.0,1,1,0
100000688,0,0,30.0,0,133907.0,1,2,1
100000689,0,0,35.0,1,127849.0,1,1,1
100000690,0,0,31.0,0,160279.0,1,2,1
100000691,0,1,25.0,1,92366.0,1,2,0
100000692,1,1,25.0,1,104794.0,0,0,0
100000693,0,0,29.0,0,133436.0,1,1,1
100000694,0,0,44.0,1,110374.0,0,0,0
100000695,0,0,28.0,0,104263.0,1,1,0
100000696,0,0,50.0,1,138752.0,1,0,1
100000697,0,0,29.0,0,102723.0,1,0,0
100000698,1,1,38.0,1,46297.0,0,0,0
100000699,0,0,24.0,0,96425.0,1,1,0
100000700,0,0,40.0,1,158197.0,2,1,1
100000701,1,1,29.0,1,98008.0,0,0,0
100000702,0,0,46.0,1,157473.0,1,0,1
100000703,1,1,47.0,2,149306.0,1,0,1
100000704,0,0,41.0,1,139236.0,1,1,1
100000705,1,1,32.0,1,125890.0,1,2,1
100000706,1,1,35.0,1,173124.0,1,1,1
100000707,0,0,24.0,0,164621.0,1,1,1
100000708,1,1,25.0,1,124539.0,1,1,0
100000709,1,1,25.0,1,107614.0,1,1,0
100000710,0,0,37.0,1,88849.0,0,0,0
100000711,0,0,32.0,0,148566.0,2,2,1
100000712,1,1,35.0,1,106515.0,1,2,1
100000713,0,0,46.0,1,150465.0,2,1,1
100000714,0,0,25.0,0,60868.0,0,0,0
100000715,0,0,27.0,0,115548.5,2,2,1
100000716,0,0,63.0,2,183178.0,1,1,1
100000717,0,0,40.0,1,121448.0,1,2,1
100000718,0,0,32.0,0,129975.0,2,2,1
100000719,0,0,31.0,0,132950.0,1,2,1
100000720,0,1,31.0,1,169314.0,1,1,1
100000721,0,0,34.0,1,147958.0,2,1,1
100000722,1,1,24.0,1,139896.0,1,2,1
100000723,1,1,24.0,1,68028.0,0,0,0
100000724,1,1,33.0,3,133328.0,0,0,0
100000725,1,1,21.0,1,108518.0,1,2,0
100000726,1,1,41.0,2,112700.0,0,0,0
100000727,0,1,47.0,2,110190.0,0,0,0
100000728,1,1,25.0,1,105104.0,1,1,0
100000729,1,1,59.0,2,184753.0,1,1,1
100000730,0,1,36.0,1,162521.0,1,2,1
100000731,0,0,33.0,1,156794.0,1,1,1
100000732,0,0,21.0,0,65827.0,0,0,0
100000733,1,1,44.0,2,88490.0,0,0,0
100000734,1,1,28.0,1,154919.0,1,2,1
100000735,1,1,37.0,1,129058.0,1,0,0
100000736,1,1,29.0,1,77532.0,0,0,0
100000737,1,1,23.0,1,115548.5,2,2,1
100000738,0,0,35.0,1,113468.0,0,0,0
100000739,0,0,45.0,1,190803.0,2,2,1
100000740,1,1,26.0,1,121423.0,0,0,0
100000741,0,0,32.0,0,121347.0,1,1,1
100000742,0,0,23.0,0,67408.0,0,0,0
100000743,0,0,41.0,1,123043.0,1,1,1
100000744,0,0,22.0,0,128387.0,1,2,1
100000745,0,0,30.0,0,115548.5,2,1,1
100000746,0,0,28.0,0,69588.0,0,0,0
100000747,1,1,23.0,1,109547.0,1,1,0
100000748,1,1,37.0,1,78840.0,0,0,0
100000749,0,0,26.0,0,131122.0,1,0,0
100000750,0,0,33.0,1,115403.0,1,1,1
100000751,1,1,49.0,2,110291.0,1,2,1
100000752,1,1,23.0,1,64811.0,0,0,0
100000753,1,1,23.0,1,86015.0,0,0,0
100000754,1,1,25.0,1,142438.0,1,2,1
100000755,0,0,55.0,1,159303.0,1,1,1
100000756,1,1,32.0,1,104957.0,1,1,0
100000757,0,0,33.0,2,89502.0,0,0,0
100000758,0,0,39.0,1,121313.0,1,1,1
100000759,0,0,31.0,0,98102.0,1,0,0
100000760,0,0,35.0,1,94554.0,1,1,0
100000761,1,1,59.0,2,162591.0,1,1,1
100000762,1,1,24.0,1,106629.0,1,2,0
100000763,0,0,24.0,0,70400.0,0,0,0
100000764,0,0,30.0,0,115548.5,2,2,1
100000765,0,1,27.0,1,121747.0,1,2,1
100000766,0,1,40.0,1,85060.0,0,0,0
100000767,0,1,31.0,1,87630.0,0,0,0
100000768,1,1,31.0,1,119673.0,1,0,0
100000769,0,0,28.0,0,126060.0,1,2,1
100000770,0,0,63.0,2,96145.0,0,0,1
100000771,1,1,26.0,1,114830.0,1,0,0
100000772,1,1,25.0,1,194461.0,2,2,1
100000773,0,0,36.0,1,150158.0,2,2,1
100000774,0,0,52.0,1,136323.0,1,2,1
100000775,0,0,33.0,2,111858.0,0,0,0
100000776,1,1,25.0,1,100198.0,1,0,0
100000777,0,0,37.0,1,123452.0,1,2,1
100000778,1,1,25.0,1,120723.0,1,1,0
100000779,0,0,38.0,1,115548.5,2,1,1
100000780,1,1,33.0,3,166712.0,1,1,1
100000781,0,0,25.0,0,136300.0,1,1,1
100000782,0,0,60.0,2,166988.0,1,2,1
100000783,0,0,31.0,0,77265.0,0,0,0
100000784,1,1,23.0,1,85967.0,0,0,0
100000785,0,1,60.0,2,115548.5,2,0,1
100000786,0,0,35.0,1,126054.0,0,0,0
100000787,0,0,40.0,1,144589.0,1,0,1
100000788,0,0,38.0,1,116723.0,1,1,1
100000789,0,0,50.0,1,168637.0,1,1,1
100000790,0,0,27.0,0,139119.0,1,1,1
100000791,1,1,39.0,2,118610.0,1,2,1
100000792,0,0,41.0,1,183312.0,2,2,1
100000793,0,1,27.0,1,96323.0,1,0,0
100000794,0,1,51.0,2,149510.0,1,2,1
100000795,0,0,32.0,0,141922.0,1,2,1
100000796,1,1,22.0,1,120233.0,1,0,0
100000797,0,0,51.0,1,172790.0,1,1,1
100000798,1,1,22.0,1,66720.0,0,0,0
100000799,0,1,54.0,2,113024.0,1,1,1
100000800,0,0,35.0,1,51791.0,0,0,0
100000801,0,0,54.0,1,118408.0,1,2,1
100000802,1,1,48.0,2,101616.0,0,0,0
100000803,1,1,24.0,1,127250.0,1,0,0
100000804,0,0,35.0,1,97290.0,1,0,0
100000805,1,1,24.0,1,106970.0,0,0,0
100000806,0,0,24.0,0,168147.0,1,2,1
100000807,0,1,26.0,1,68468.0,0,0,0
100000808,0,0,33.0,2,120780.0,1,2,1
100000809,0,0,55.0,1,115548.5,2,2,1
100000810,1,1,26.0,1,53903.0,0,0,0
100000811,0,1,26.0,1,101511.0,1,2,0
100000812,0,1,28.0,1,69046.0,0,0,0
100000813,0,0,24.0,0,171584.0,1,1,1
100000814,0,0,54.0,1,132367.0,1,2,1
100000815,0,0,46.0,1,134433.0,1,2,1
100000816,1,1,54.0,2,190518.0,1,0,1
100000817,0,1,62.0,2,152367.0,1,1,1
100000818,1,1,24.0,1,101157.0,1,1,0
100000819,0,1,43.0,2,115548.5,2,2,1
100000820,0,1,26.0,1,96716.0,1,2,0
100000821,0,1,27.0,1,95171.0,1,0,0
100000822,0,1,24.0,1,129162.0,1,2,1
100000823,0,0,41.0,1,118742.0,1,0,0
100000824,0,0,47.0,1,74511.0,0,0,0
100000825,0,1,35.0,1,157272.0,2,1,1
100000826,0,1,30.0,1,102374.0,1,0,0
100000827,1,1,33.0,1,131492.0,1,0,0
100000828,0,0,36.0,1,128702.0,1,2,1
100000829,0,0,47.0,1,177509.0,1,2,1
100000830,0,0,38.0,1,163451.0,1,1,1
100000831,0,0,44.0,1,144900.0,1,1,1
100000832,1,1,23.0,1,97115.0,1,2,0
100000833,0,0,29.0,0,196568.0,1,2,1
100000834,1,1,42.0,2,158405.0,1,0,1
100000835,1,1,25.0,1,97376.0,0,0,0
100000836,0,0,48.0,1,108678.0,1,1,1
100000837,1,1,21.0,1,92351.0,1,0,0
100000838,1,1,23.0,1,61211.0,0,0,0
100000839,0,0,63.0,2,138644.0,1,0,1
100000840,0,1,46.0,2,124824.0,1,2,1
100000841,0,0,29.0,0,132852.0,1,0,0
100000842,0,0,28.0,0,81069.0,0,0,0
100000843,1,1,23.0,1,104094.0,1,2,0
100000844,0,0,50.0,1,114853.0,1,0,1
100000845,0,0,47.0,1,130344.0,1,2,1
100000846,0,0,35.0,1,135090.0,1,0,1
100000847,0,0,33.0,2,179151.0,1,2,1
100000848,0,1,28.0,1,97390.0,1,1,0
100000849,0,0,59.0,2,120160.0,1,0,1
100000850,0,0,57.0,2,82277.0,0,0,0
100000851,0,1,33.0,1,110844.0,1,2,1
100000852,0,0,43.0,1,133105.0,1,0,1
100000853,0,0,35.0,1,102042.0,1,0,0
100000854,0,0,32.0,0,69370.0,0,0,0
100000855,0,0,45.0,1,115548.5,1,1,1
100000856,0,1,33.0,1,117039.0,1,2,1
100000857,1,1,40.0,2,107585.0,1,2,1
100000858,0,0,28.0,0,114429.0,1,0,0
100000859,1,1,29.0,1,128234.0,1,2,1
100000860,0,0,26.0,0,128580.0,1,2,1
100000861,0,0,27.0,0,177757.0,1,1,1
100000862,0,1,28.0,1,106222.0,1,0,0
100000863,1,1,35.0,1,118428.0,1,2,1
100000864,0,0,32.0,0,139477.0,0,0,0
100000865,0,0,25.0,0,71159.0,0,0,0
100000866,1,1,20.0,1,131370.0,1,2,1
100000867,1,1,27.0,1,111567.0,1,2,0
100000868,0,0,42.0,1,125482.0,1,2,1
100000869,0,0,37.0,1,160642.0,1,2,1
100000870,1,1,24.0,1,92498.0,1,0,0
100000871,1,1,40.0,2,115548.5,1,2,1
100000872,0,0,46.0,1,127588.0,1,2,1
100000873,0,0,26.0,0,107508.0,1,2,0
100000874,1,1,24.0,1,94629.0,1,2,0
100000875,0,0,29.0,0,87598.0,0,2,0
100000876,1,1,40.0,2,161194.0,1,1,1
100000877,0,0,36.0,1,137342.0,2,2,1
100000878,0,0,28.0,0,116848.0,1,1,0
100000879,0,0,27.0,0,125190.0,2,1,1
100000880,0,0,36.0,1,153441.0,1,0,1
100000881,0,0,38.0,1,195328.0,2,2,1
100000882,0,1,48.0,2,190413.0,1,0,1
100000883,0,0,36.0,1,118656.0,1,1,1
100000884,1,1,33.0,3,69487.0,0,0,0
100000885,0,1,43.0,2,145313.0,1,1,1
100000886,1,1,53.0,2,117005.0,1,1,1
100000887,0,0,34.0,1,123243.0,1,1,1
100000888,0,0,23.0,0,115548.5,1,1,0
100000889,0,0,34.0,1,180617.0,2,2,1
100000890,0,0,40.0,1,167019.0,1,0,1
100000891,0,0,43.0,1,147745.0,2,2,1
100000892,0,0,46.0,1,114254.0,1,1,1
100000893,0,0,38.0,1,81155.0,0,0,0
100000894,0,0,34.0,1,151803.0,1,2,1
100000895,0,0,29.0,0,94356.0,1,2,0
100000896,0,0,31.0,0,115548.5,2,2,1
100000897,1,1,28.0,1,144448.0,2,1,1
100000898,1,1,35.0,1,150797.0,1,0,1
100000899,1,1,33.0,1,84404.0,0,0,0
100000900,0,0,42.0,1,133373.0,1,2,1
100000901,0,0,43.0,1,119502.0,1,2,1
100000902,0,1,44.0,2,131619.0,1,0,1
100000903,0,0,42.0,1,194084.0,1,2,1
100000904,0,1,40.0,1,108278.0,1,1,1
100000905,0,0,36.0,1,130987.0,2,1,1
100000906,0,0,20.0,0,116582.0,2,2,1
100000907,0,0,24.0,0,85270.0,0,0,0
100000908,0,1,27.0,1,129227.0,1,0,0
100000909,1,1,46.0,2,108291.0,0,0,0
100000910,1,1,33.0,1,103091.0,0,0,0
100000911,1,1,34.0,1,136975.0,1,1,1
100000912,1,1,25.0,1,111502.0,0,0,0
100000913,1,1,25.0,1,124750.0,1,1,0
100000914,0,1,28.0,1,146463.0,1,2,1
100000915,0,0,31.0,0,115075.0,1,0,0
100000916,1,1,32.0,1,115548.5,2,1,1
100000917,0,0,32.0,0,126368.0,1,0,0
100000918,0,0,33.0,2,115548.5,2,2,1
100000919,0,1,33.0,1,125535.0,1,2,1
100000920,0,0,39.0,1,153223.0,2,2,1
100000921,1,1,28.0,1,106873.0,1,1,0
100000922,0,0,37.0,1,115548.5,2,1,1
100000923,1,1,22.0,1,97757.0,1,2,0
100000924,0,0,30.0,0,112151.0,1,1,0
100000925,0,1,55.0,2,172909.0,1,0,1
100000926,0,0,46.0,1,103387.0,1,1,1
100000927,1,1,21.0,1,93916.0,1,2,0
100000928,0,0,39.0,1,189963.0,1,2,1
100000929,0,0,58.0,2,124191.0,1,0,1
100000930,0,0,43.0,1,77205.0,0,0,0
100000931,0,0,24.0,0,65917.0,0,0,0
100000932,1,1,22.0,1,109676.0,1,0,0
100000933,0,0,30.0,0,95682.0,1,2,0
100000934,0,0,42.0,1,125516.0,1,2,1
100000935,1,1,23.0,1,99822.0,1,0,0
100000936,0,0,30.0,0,154854.0,2,1,1
100000937,1,1,28.0,1,84582.0,0,0,0
100000938,0,1,30.0,1,145800.0,2,0,1
100000939,0,0,42.0,1,162869.0,1,1,1
100000940,0,0,46.0,1,192379.0,2,2,1
100000941,0,0,45.0,1,159757.0,2,2,1
100000942,0,0,31.0,0,69571.0,0,0,0
100000943,0,0,31.0,0,93648.0,1,2,0
100000944,0,0,42.0,1,77472.0,0,0,0
100000945,1,1,46.0,2,121501.0,1,0,1
100000946,1,1,30.0,1,115548.5,1,0,0
100000947,0,0,30.0,0,143082.0,1,2,1
100000948,0,0,38.0,1,147760.0,2,1,1
100000949,0,1,43.0,2,82082.0,0,0,0
100000950,0,0,31.0,0,132991.0,1,1,1
100000951,0,1,40.0,1,78436.0,0,0,0
100000952,0,0,24.0,0,99737.0,1,2,0
100000953,1,1,28.0,1,164915.0,1,0,1
100000954,1,1,26.0,1,115548.5,2,1,0
100000955,1,1,29.0,1,108400.0,1,2,0
100000956,1,1,57.0,2,194882.0,2,1,1
100000957,0,0,49.0,1,122186.0,0,0,1
100000958,0,0,37.0,1,79594.0,0,0,0
100000959,0,0,45.0,1,104355.0,0,0,0
100000960,0,0,30.0,0,135894.0,1,2,1
100000961,0,1,30.0,1,103699.0,1,1,0
100000962,0,1,47.0,2,132145.0,1,1,1
100000963,0,0,29.0,0,117272.0,1,2,1
100000964,0,0,35.0,1,137932.0,1,0,1
100000965,0,1,22.0,1,63972.0,0,0,0
100000966,1,1,26.0,1,113299.0,1,2,0
100000967,0,0,23.0,0,108540.0,0,0,0
100000968,1,1,54.0,2,174424.0,2,2,1
100000969,0,1,29.0,1,154991.0,1,2,1
100000970,0,0,40.0,1,99723.0,0,0,0
100000971,0,0,22.0,0,114584.0,1,2,0
100000972,0,0,43.0,1,135275.0,0,0,1
100000973,1,1,29.0,1,41680.0,0,0,0
100000974,0,0,36.0,1,158769.0,1,1,1
100000975,1,1,33.0,1,120596.0,1,0,0
100000976,1,1,57.0,2,139641.0,0,0,1
100000977,1,1,64.0,3,134377.0,1,0,1
100000978,0,0,42.0,1,125804.0,1,2,1
100000979,0,0,47.0,1,91858.0,0,0,0
100000980,0,1,25.0,1,117641.0,1,2,1
100000981,0,0,49.0,1,188594.0,1,1,1
100000982,0,0,33.0,1,162827.0,2,2,1
100000983,1,1,28.0,1,178991.0,2,2,1
100000984,0,0,26.0,0,159739.0,1,1,1
100000985,0,0,30.0,0,73401.0,0,0,0
100000986,1,1,25.0,1,100794.0,1,2,0
100000987,0,1,33.0,1,167763.0,1,1,1
100000988,1,1,64.0,3,145174.0,1,0,1
100000989,0,0,29.0,0,176292.0,2,1,1
100000990,0,0,48.0,1,94024.0,0,0,0
100000991,0,0,37.0,1,93740.0,0,0,0
100000992,0,0,34.0,1,85685.0,0,0,0
100000993,0,1,23.0,1,69997.0,0,0,0
100000994,0,0,30.0,0,151938.0,2,2,1
100000995,0,0,50.0,1,122830.0,1,1,1
100000996,1,1,31.0,1,78489.0,0,0,0
100000997,0,1,40.0,1,161999.0,2,1,1
100000998,0,0,38.0,1,98032.0,1,2,1
100000999,0,0,23.0,0,96060.0,1,0,0
100001000,0,0,27.0,0,147968.0,1,1,1
100001001,1,1,63.0,2,134853.0,1,1,1
100001002,0,0,33.0,2,157576.0,2,2,1
100001003,0,1,43.0,2,115548.5,2,1,1
100001004,0,1,44.0,2,115548.5,2,2,1
100001005,0,1,33.0,3,69487.0,0,2,0
100001006,1,1,33.0,3,115548.5,2,1,1
100001007,0,0,60.0,2,136671.0,1,1,1
100001008,0,1,62.0,2,174337.0,1,1,1
100001009,1,1,58.0,2,126710.0,1,1,1
100001010,1,1,43.0,2,167139.0,2,2,1
100001011,0,0,64.0,2,122094.0,1,2,1
100001012,0,1,37.0,3,170113.0,2,2,1
100001013,1,1,46.0,2,192698.0,2,1,1
100001014,0,1,57.0,2,144197.0,1,2,1
100001015,0,1,51.0,2,133623.0,1,1,1
100001016,1,1,32.0,3,171052.0,2,2,1
100001017,0,0,64.0,2,130492.0,1,2,1
100001018,0,0,33.0,2,135705.0,1,1,1
100001019,1,1,55.0,2,171804.0,2,2,1
100001020,0,0,33.0,2,192167.0,2,1,1
100001021,1,1,34.0,3,134377.0,1,2,1
100001022,0,1,44.0,2,146716.0,1,1,1
100001023,0,0,58.0,2,115548.5,1,1,1
100001024,1,1,33.0,2,142193.0,0,1,1
100001025,1,1,56.0,2,183765.0,1,1,1
100001026,1,1,42.0,2,115548.5,2,2,1
100001027,1,1,33.0,3,145174.0,1,2,1
100001028,0,0,33.0,2,115548.5,2,2,1
100001029,1,1,45.0,2,115548.5,2,2,1
100001030,0,0,33.0,2,115548.5,2,2,1
100001031,0,0,60.0,2,166298.0,2,1,1
100001032,1,1,30.0,3,133328.0,0,2,1
100001033,0,0,63.0,2,129798.0,1,1,1
100001034,0,0,57.0,2,115548.5,2,1,1
100001035,1,1,46.0,2,160678.0,1,2,1
100001036,1,1,33.0,3,167532.0,1,1,1
100001037,0,0,33.0,2,178591.0,1,2,1
100001038,0,0,63.0,2,115548.5,2,2,1
100001039,0,1,54.0,2,149410.0,1,2,1
100001040,0,1,49.0,2,124658.0,1,2,1
100001041,1,1,64.0,2,153645.0,1,2,1
100001042,1,1,61.0,2,115548.5,2,2,1
100001043,1,1,57.0,2,155062.0,1,2,1
100001044,1,1,42.0,2,115548.5,1,2,1
100001045,0,0,62.0,2,124723.0,1,2,1
100001046,1,1,41.0,2,127752.0,1,2,1
100001047,1,1,51.0,2,157595.0,2,1,1
100001048,1,1,38.0,2,135534.0,1,2,1
100001049,1,1,56.0,2,166264.0,2,2,1
100001050,1,1,43.0,2,147259.0,1,1,1
100001051,1,1,48.0,2,161116.0,1,1,1
100001052,0,0,61.0,2,139380.0,1,1,1
100001053,0,1,48.0,2,115548.5,2,2,1
100001054,0,0,33.0,2,125903.0,1,2,1
100001055,1,1,62.0,2,163940.0,1,1,1
100001056,1,1,56.0,2,173378.0,2,2,1
100001057,1,1,53.0,2,126847.0,1,1,1
100001058,0,1,33.0,3,166712.0,1,2,1
100001059,1,1,60.0,2,189166.0,1,1,1
100001060,1,1,47.0,2,161714.0,1,1,1
100001061,0,1,25.0,3,115548.5,2,2,1
100001062,0,0,64.0,2,184680.0,1,1,1
100001063,0,0,33.0,2,115548.5,2,1,1
100001064,0,1,33.0,2,152527.0,1,1,1
100001065,1,1,33.0,3,170366.0,2,1,1
100001066,1,1,60.0,2,194532.0,2,1,1
100001067,1,1,57.0,2,125883.0,1,2,1
100001068,0,1,30.0,3,131242.0,1,2,1
100001069,0,1,43.0,2,159880.0,2,1,1
100001070,0,0,57.0,2,165519.0,1,2,1
100001071,0,1,51.0,2,149653.0,1,1,1
100001072,1,1,61.0,2,134102.0,1,1,1
100001073,0,0,64.0,2,159378.0,2,2,1
100001074,0,1,41.0,2,115548.5,2,1,1
100001075,0,1,43.0,2,115548.5,2,2,1
100001076,0,1,33.0,3,71823.0,0,2,0
100001077,1,1,33.0,3,115548.5,2,1,1
100001078,0,0,59.0,2,136123.0,1,1,1
100001079,0,1,60.0,2,176372.0,1,1,1
100001080,1,1,60.0,2,128271.0,1,1,1
100001081,1,1,45.0,2,169020.0,2,2,1
100001082,0,0,63.0,2,122267.0,1,2,1
100001083,0,1,38.0,3,169324.0,2,2,1
100001084,1,1,46.0,2,192561.0,2,1,1
100001085,0,1,55.0,2,145781.0,1,2,1
100001086,0,1,50.0,2,135376.0,1,1,1
100001087,1,1,30.0,3,169002.0,2,2,1
100001088,0,0,63.0,2,128469.0,1,2,1
100001089,0,0,33.0,2,135567.0,1,1,1
100001090,1,1,54.0,2,170644.0,2,2,1
100001091,0,0,33.0,2,192360.0,2,1,1
100001092,1,1,32.0,3,133235.0,1,2,1
100001093,1,1,45.0,2,115548.5,2,2,1
100001094,0,0,33.0,2,115548.5,2,2,1
100001095,0,0,62.0,2,164816.0,2,1,1
100001096,1,1,28.0,3,130148.0,0,2,1
100001097,0,0,33.0,2,129838.0,1,1,1
100001098,0,0,57.0,2,115548.5,2,1,1
100001099,1,1,48.0,2,157305.0,1,2,1
100001100,1,1,33.0,3,163654.0,1,1,1
100001101,0,0,38.0,1,82398.0,1,1,0
100001102,0,1,40.0,1,107710.0,1,1,1
100001103,0,0,49.0,1,122346.0,1,1,1
100001104,0,1,32.0,1,155540.0,2,1,1
100001105,0,0,45.0,1,127572.0,1,1,1
100001106,0,0,40.0,1,154031.0,2,1,1
100001107,0,0,33.0,2,164931.0,2,2,1
100001108,0,0,38.0,1,123003.0,1,2,1
100001109,0,1,20.0,1,89605.0,1,1,0
100001110,0,0,48.0,1,117721.0,1,1,1
100001111,0,1,46.0,2,168904.0,2,1,1
100001112,0,0,32.0,1,137576.0,2,2,1
100001113,0,0,54.0,1,111274.0,1,1,1
100001114,0,1,24.0,1,94249.0,2,2,0
100001115,0,1,27.0,1,180940.0,2,1,1
100001116,0,0,57.0,1,125032.0,1,2,1
100001117,0,0,38.0,1,138011.0,2,1,1
100001118,0,0,40.0,1,144850.0,1,1,1
100001119,0,1,20.0,1,107270.0,1,2,0
100001120,0,0,36.0,1,113405.0,2,2,1
100001121,0,0,47.0,1,137338.0,1,2,1
100001122,0,0,64.0,2,125119.0,0,2,1
100001123,0,0,42.0,1,159745.0,2,2,1
100001124,0,0,44.0,1,181262.0,2,2,1
100001125,0,1,30.0,1,90500.0,2,2,1
100001126,0,0,37.0,1,102733.0,1,1,0
100001127,0,0,42.0,1,135493.0,1,2,1
100001128,0,1,62.0,2,169044.0,1,1,1
100001129,0,0,49.0,1,178549.0,1,2,1
100001130,0,0,52.0,1,159716.0,1,2,1
100001131,0,1,36.0,1,170118.0,2,1,1
100001132,0,0,49.0,1,143886.0,0,1,1
100001133,0,0,42.0,1,130164.0,2,2,1
100001134,0,0,38.0,1,114476.0,1,1,1
100001135,0,0,50.0,1,126143.0,1,1,1
100001136,0,1,34.0,1,129654.0,2,2,1
100001137,0,0,43.0,1,123202.0,1,2,1
100001138,0,0,40.0,1,160524.0,1,1,1
100001139,0,0,56.0,2,126906.0,1,1,1
100001140,0,0,41.0,1,143994.0,2,2,1
100001141,0,1,30.0,1,123517.0,2,2,1
100001142,0,1,28.0,1,129055.0,1,2,1
100001143,0,0,64.0,2,136312.0,0,2,1
100001144,0,0,33.0,2,112486.0,1,2,1
100001145,0,0,37.0,1,152401.0,2,1,1
100001146,0,0,31.0,1,157453.0,2,1,1
100001147,0,0,32.0,1,142870.0,2,2,1
100001148,0,1,52.0,2,137231.0,1,2,1
100001149,0,1,31.0,1,104406.0,1,1,0
100001150,0,0,36.0,1,145385.0,2,1,1
100001151,0,1,32.0,1,146519.0,2,1,1
100001152,0,0,51.0,1,126227.0,1,2,1
100001153,0,0,47.0,1,112227.0,2,1,1
100001154,0,1,34.0,1,110145.0,1,2,1
100001155,0,1,46.0,2,149419.0,1,1,1
100001156,0,1,42.0,1,176646.0,1,1,1
100001157,0,0,39.0,1,91019.0,2,1,1
100001158,0,0,50.0,1,169579.0,1,2,1
100001159,0,0,42.0,1,142305.0,1,2,1
100001160,0,1,36.0,1,130602.0,1,1,1
100001161,0,1,18.0,1,98992.0,1,1,0
100001162,0,0,35.0,1,181926.0,2,2,1
100001163,0,0,38.0,1,152864.0,1,2,1
100001164,0,0,39.0,1,135837.0,2,2,1
100001165,0,1,24.0,1,121757.0,0,2,0
100001166,0,0,41.0,1,182274.0,1,1,1
100001167,0,0,36.0,1,149040.0,2,2,1
100001168,0,0,37.0,1,154196.0,2,2,1
100001169,0,1,45.0,2,135332.0,1,1,1
100001170,0,0,41.0,1,134200.0,2,2,1
100001171,0,0,36.0,1,177171.0,2,2,1
100001172,0,0,38.0,1,115964.0,0,2,1
100001173,0,0,38.0,1,136871.0,0,1,1
100001174,0,1,53.0,2,159559.0,2,2,1
100001175,0,0,35.0,1,113878.0,1,2,1
100001176,0,0,48.0,1,171203.0,2,2,1
100001177,0,0,36.0,1,102180.0,1,2,1
100001178,0,1,22.0,1,116844.0,2,1,0
100001179,0,0,35.0,1,139844.0,2,2,1
100001180,0,0,42.0,1,156431.0,0,1,1
100001181,0,0,39.0,1,116137.0,0,1,0
100001182,0,0,31.0,1,143081.0,1,1,1
100001183,0,0,33.0,1,155870.0,2,2,1
100001184,0,1,31.0,1,106924.0,0,1,0
100001185,0,0,42.0,1,102133.0,1,1,1
100001186,0,0,61.0,2,145227.0,0,1,1
100001187,0,0,38.0,1,159500.0,2,2,1
100001188,0,0,33.0,1,98498.0,0,1,0
100001189,0,0,48.0,1,159714.0,1,2,1
100001190,0,0,31.0,1,121852.0,0,1,0
100001191,0,0,52.0,1,141271.0,2,2,1
100001192,0,1,27.0,1,123213.0,1,2,1
100001193,0,0,40.0,1,143723.0,2,1,1
100001194,0,0,34.0,1,112538.0,0,1,0
100001195,0,1,26.0,1,97932.0,2,2,1
100001196,0,0,30.0,1,154003.0,0,1,1
100001197,0,0,53.0,1,177179.0,1,1,1
100001198,0,0,45.0,1,128052.0,1,2,1
100001199,0,0,32.0,1,114617.0,2,1,1
100001200,0,0,35.0,1,182822.0,2,2,1
100001201,0,1,26.0,1,177215.0,1,2,1
100001202,0,0,30.0,1,110929.0,1,1,0
100001203,0,0,37.0,1,111821.0,1,1,1
100001204,0,0,32.0,1,97306.0,2,1,0
100001205,0,1,40.0,1,157231.0,1,1,1
100001206,0,0,44.0,1,126906.0,0,2,1
100001207,0,0,43.0,1,133243.0,1,2,1
100001208,0,0,51.0,1,112250.0,1,1,1
100001209,0,0,37.0,1,104349.0,0,1,0
100001210,0,0,33.0,1,151421.0,1,2,1
100001211,0,1,32.0,1,178081.0,2,1,1
100001212,0,0,35.0,1,110181.0,0,2,1
100001213,0,1,30.0,1,113012.0,1,1,0
100001214,0,1,35.0,1,154585.0,2,2,1
100001215,0,0,40.0,1,144704.0,2,1,1
100001216,0,0,37.0,1,141632.0,2,2,1
100001217,0,0,37.0,1,105055.0,1,2,1
100001218,0,0,37.0,1,124597.0,1,2,1
100001219,0,0,53.0,1,160164.0,2,1,1
100001220,0,0,34.0,1,151754.0,2,1,1
100001221,0,0,51.0,1,155551.0,1,1,1
100001222,0,1,26.0,1,94986.0,1,2,0
100001223,0,0,34.0,1,175800.0,0,1,1
100001224,0,0,51.0,1,126246.0,2,1,1
100001225,0,0,33.0,1,116261.0,1,2,1
100001226,0,1,32.0,1,117796.0,0,2,1
100001227,0,0,39.0,1,115363.0,1,1,1
100001228,0,0,53.0,1,169076.0,1,1,1
100001229,0,0,34.0,1,97474.0,2,2,1
100001230,0,0,37.0,1,140341.0,1,2,1
100001231,0,1,28.0,1,114503.0,1,1,0
100001232,0,1,25.0,1,102937.0,1,2,0
100001233,0,0,36.0,1,151781.0,2,2,1
100001234,0,1,36.0,1,123133.0,1,2,1
100001235,0,0,35.0,1,118879.0,1,2,1
100001236,0,1,21.0,1,158683.0,1,1,1
100001237,0,1,29.0,1,107514.0,1,2,1
100001238,0,0,60.0,2,193879.0,1,1,1
100001239,0,0,45.0,1,135043.0,1,1,1
100001240,0,1,56.0,2,108559.0,0,1,1
100001241,0,1,30.0,1,121038.0,1,2,1
100001242,0,0,52.0,1,151947.0,2,2,1
100001243,0,1,26.0,1,118820.0,1,1,0
100001244,0,0,43.0,1,121517.0,1,1,1
100001245,0,0,34.0,1,113572.0,1,1,1
100001246,0,1,22.0,1,131170.0,1,2,1
100001247,0,0,42.0,1,92430.0,0,1,0
100001248,0,0,38.0,1,124554.0,0,1,1
100001249,0,1,29.0,1,115988.0,1,2,1
100001250,0,0,44.0,1,107301.0,1,2,1
100001251,0,1,29.0,1,103767.0,2,1,0
100001252,0,0,44.0,1,141493.0,1,2,1
100001253,0,0,38.0,1,154339.0,1,2,1
100001254,0,1,26.0,1,112369.0,0,1,0
100001255,0,0,53.0,1,158193.0,1,1,1
100001256,0,0,43.0,1,143734.0,1,1,1
100001257,0,0,33.0,1,121890.0,1,1,1
100001258,0,0,52.0,1,127609.0,0,1,1
100001259,0,1,26.0,1,94650.0,0,2,0
100001260,0,0,38.0,1,175504.0,2,1,1
100001261,0,0,47.0,1,165495.0,1,2,1
100001262,0,1,26.0,1,120389.0,1,1,0
100001263,0,1,36.0,1,165340.0,1,1,1
100001264,0,0,36.0,1,119804.0,1,1,1
100001265,0,0,57.0,2,154344.0,2,1,1
100001266,0,1,31.0,1,106266.0,2,2,1
100001267,0,0,45.0,1,136129.0,1,1,1
100001268,0,0,40.0,1,151914.0,2,1,1
100001269,0,1,21.0,1,121473.0,1,1,0
100001270,0,0,46.0,1,127147.0,1,2,1
100001271,0,0,35.0,1,125387.0,1,2,1
100001272,0,1,31.0,1,139490.0,0,2,1
100001273,0,0,51.0,1,124990.0,1,2,1
100001274,0,1,21.0,1,101471.0,2,1,0
100001275,0,0,48.0,1,155708.0,1,1,1
100001276,0,0,48.0,1,142345.0,1,2,1
100001277,0,0,33.0,2,148675.0,0,1,1
100001278,0,1,45.0,2,116484.0,1,2,1
100001279,0,0,35.0,1,150237.0,2,2,1
100001280,0,1,22.0,1,100273.0,1,2,0
100001281,0,0,44.0,1,122292.0,0,1,1
100001282,0,0,52.0,1,159216.0,1,1,1
100001283,0,0,48.0,1,130082.0,1,2,1
100001284,0,0,33.0,1,139547.0,1,2,1
100001285,0,1,35.0,1,122895.0,1,1,1
100001286,0,1,64.0,2,154549.0,1,1,1
100001287,0,0,58.0,1,149315.0,0,2,1
100001288,0,1,24.0,1,118101.0,0,2,0
100001289,0,0,40.0,1,115831.0,0,2,1
100001290,0,0,49.0,1,118571.0,2,2,1
100001291,0,0,31.0,1,138906.0,1,2,1
100001292,0,0,46.0,1,98520.0,1,2,1
100001293,0,0,46.0,1,106576.0,1,1,1
100001294,0,0,49.0,1,121592.0,1,1,1
100001295,0,0,29.0,1,135605.0,0,1,1
100001296,0,0,37.0,1,114552.0,1,2,1
100001297,0,0,33.0,1,151339.0,2,1,1
100001298,0,0,33.0,2,170387.0,1,2,1
100001299,0,0,35.0,1,118288.0,1,2,1
100001300,0,0,40.0,1,109992.0,1,2,1
100001301,1,0,27.0,1,90654.0,0,0,0
100001302,1,0,61.0,2,113290.0,0,0,1
100001303,1,1,29.0,1,100093.0,1,1,0
100001304,1,0,33.0,1,109489.0,1,0,0
100001305,1,0,56.0,2,139427.0,0,0,1
100001306,1,1,27.0,1,123411.0,1,1,0
100001307,1,1,22.0,1,137925.0,1,0,0
100001308,1,1,19.0,1,99119.0,1,0,0
100001309,1,1,28.0,1,91084.0,1,1,0
100001310,1,1,24.0,1,110137.0,1,1,0
100001311,1,1,27.0,1,67041.0,0,0,0
100001312,1,1,30.0,1,127299.0,1,1,0
100001313,1,0,26.0,1,84555.0,0,0,0
100001314,1,1,26.0,1,123895.0,1,0,0
100001315,1,1,23.0,1,94324.0,1,1,0
100001316,1,1,28.0,1,96062.0,1,0,0
100001317,1,1,33.0,3,144843.0,1,0,1
100001318,1,1,27.0,1,107485.0,1,1,0
100001319,1,1,32.0,1,98573.0,1,0,0
100001320,1,0,24.0,1,107462.0,0,0,0
100001321,1,1,28.0,1,115809.0,1,1,0
100001322,1,0,48.0,2,118749.0,0,0,0
100001323,1,1,32.0,1,139112.0,1,1,1
100001324,1,1,25.0,1,94075.0,1,0,0
100001325,1,1,57.0,2,62002.0,0,0,0
100001326,1,1,28.0,1,127262.0,1,0,0
100001327,1,1,24.0,1,122846.0,1,1,0
100001328,1,1,25.0,1,61907.0,0,0,0
100001329,1,0,31.0,1,89287.0,0,0,0
100001330,1,0,33.0,1,103696.0,1,1,0
100001331,1,1,50.0,2,147603.0,1,0,1
100001332,1,1,58.0,2,139229.0,0,1,1
100001333,1,1,27.0,1,107932.0,0,0,0
100001334,1,1,48.0,2,116235.0,0,0,0
100001335,1,1,22.0,1,85974.0,0,0,0
100001336,1,1,40.0,1,124001.0,0,0,0
100001337,1,1,32.0,1,121428.0,1,0,0
100001338,1,0,25.0,1,93233.0,0,0,0
100001339,1,1,27.0,1,67965.0,0,0,0
100001340,1,1,27.0,1,88001.0,0,0,0
100001341,1,1,23.0,1,129112.0,1,0,0
100001342,1,1,32.0,1,109324.0,1,1,0
100001343,1,1,25.0,1,112785.0,1,1,0
100001344,1,1,46.0,2,136735.0,0,0,1
100001345,1,1,21.0,1,107779.0,1,1,0
100001346,1,1,29.0,1,103526.0,1,0,0
100001347,1,1,31.0,1,93171.0,0,0,0
100001348,1,0,26.0,1,106559.0,0,0,0
100001349,1,1,23.0,1,112728.0,1,1,0
100001350,1,0,38.0,1,102855.0,1,1,0
100001351,1,0,35.0,1,85381.0,0,0,0
100001352,1,1,27.0,1,100762.0,1,1,0
100001353,1,1,22.0,1,131445.0,1,1,0
100001354,1,1,52.0,2,123194.0,1,0,1
100001355,1,1,19.0,1,99519.0,1,1,0
100001356,1,1,23.0,1,112853.0,1,0,0
100001357,1,0,42.0,1,110509.0,1,0,0
100001358,1,1,27.0,1,106446.0,1,1,0
100001359,1,1,39.0,2,89665.0,0,0,0
100001360,1,1,50.0,2,128233.0,1,1,1
100001361,1,1,36.0,1,133615.0,1,0,0
100001362,1,1,25.0,1,115833.0,1,1,0
100001363,1,1,27.0,1,65560.0,0,0,0
100001364,1,1,30.0,1,118642.0,1,0,0
100001365,1,0,22.0,1,63635.0,0,0,0
100001366,1,1,27.0,1,122649.0,1,1,0
100001367,1,0,31.0,1,143321.0,2,1,1
100001368,1,1,29.0,1,99556.0,1,0,0
100001369,1,0,34.0,1,115548.5,0,0,0
100001370,1,0,33.0,1,71935.0,0,0,0
100001371,1,1,26.0,1,114977.0,1,0,0
100001372,1,1,36.0,1,147691.0,1,1,1
100001373,1,1,26.0,1,54296.0,0,0,0
100001374,1,1,39.0,1,80014.0,0,0,0
100001375,1,1,44.0,2,77887.0,0,0,0
100001376,1,1,46.0,2,98517.0,0,0,0
100001377,1,1,31.0,1,103012.0,0,0,0
100001378,1,0,26.0,1,121377.0,1,0,0
100001379,1,1,22.0,1,91359.0,1,1,0
100001380,1,0,48.0,2,104833.0,0,0,0
100001381,1,1,27.0,1,101209.0,1,0,0
100001382,1,0,30.0,1,58207.0,0,0,0
100001383,1,1,27.0,1,116708.0,1,1,0
100001384,1,1,36.0,1,107471.0,1,1,0
100001385,1,1,31.0,1,128495.0,1,0,0
100001386,1,0,21.0,1,124468.0,1,0,0
100001387,1,1,26.0,1,106922.0,1,1,0
100001388,1,0,24.0,1,104291.0,1,0,0
100001389,1,1,29.0,1,98204.0,1,0,0
100001390,1,1,32.0,1,127071.0,1,0,0
100001391,1,1,45.0,2,85115.0,0,0,0
100001392,1,1,58.0,2,104013.0,0,0,0
100001393,1,1,25.0,1,89863.0,1,0,0
100001394,1,1,33.0,3,135300.0,1,0,1
100001395,1,1,53.0,2,107861.0,0,0,0
100001396,1,1,24.0,1,123994.0,1,0,0
100001397,1,0,20.0,1,91270.0,0,0,0
100001398,1,1,33.0,3,133245.0,0,0,0
100001399,1,1,31.0,1,118594.0,1,1,0
100001400,1,1,27.0,1,40606.0,0,0,0
100001401,1,1,36.0,1,129304.0,0,0,0
100001402,1,1,25.0,1,113118.0,1,0,0
100001403,1,0,41.0,1,133131.0,1,0,1
100001404,1,1,30.0,1,106876.0,1,1,0
100001405,1,1,32.0,1,130870.0,1,1,1
100001406,1,1,29.0,1,125621.0,0,0,0
100001407,1,0,27.0,1,78923.0,0,0,0
100001408,1,1,32.0,1,123983.0,1,0,0
100001409,1,1,25.0,1,75184.0,0,0,0
100001410,1,0,24.0,1,109693.0,1,0,0
100001411,1,1,63.0,2,86273.0,0,0,0
100001412,1,0,42.0,2,113190.0,0,0,0
100001413,1,1,22.0,1,109274.0,0,0,0
100001414,1,1,46.0,2,143489.0,1,1,1
100001415,1,1,24.0,1,99570.0,1,1,0
100001416,1,0,30.0,1,139468.0,1,1,1
100001417,1,1,44.0,2,108627.0,0,0,0
100001418,1,0,25.0,1,106355.0,1,0,0
100001419,1,1,27.0,1,96952.0,1,0,0
100001420,1,1,27.0,1,141502.0,1,1,1
100001421,1,1,34.0,1,110420.0,1,1,0
100001422,1,1,18.0,1,97741.0,1,1,0
100001423,1,1,25.0,1,99583.0,1,1,0
100001424,1,1,21.0,1,63698.0,0,0,0
100001425,1,1,26.0,1,116688.0,1,1,0
100001426,1,1,27.0,1,131542.0,2,1,1
100001427,1,0,25.0,1,136055.0,1,1,1
100001428,1,1,30.0,1,100195.0,1,1,0
100001429,1,0,33.0,3,131001.0,1,0,1
100001430,1,1,25.0,1,104062.0,1,1,0
100001431,1,1,43.0,2,137689.0,1,0,1
100001432,1,1,35.0,1,137705.0,1,1,1
100001433,1,0,33.0,3,69915.0,0,0,0
100001434,1,0,35.0,1,68731.0,0,0,0
100001435,1,1,26.0,1,105726.0,1,0,0
100001436,1,0,29.0,1,78078.0,0,0,0
100001437,1,1,22.0,1,110835.0,0,0,0
100001438,1,0,26.0,1,115531.0,1,1,0
100001439,1,1,36.0,1,92723.0,0,0,0
100001440,1,1,35.0,1,107509.0,1,1,0
100001441,1,1,28.0,1,116763.0,1,1,0
100001442,1,1,24.0,1,100733.0,1,0,0
100001443,1,1,34.0,1,92652.0,0,0,0
100001444,1,1,25.0,1,106987.0,1,0,0
100001445,1,1,54.0,2,51882.0,0,0,0
100001446,1,0,46.0,2,104751.0,0,0,0
100001447,1,1,42.0,1,50947.0,0,0,0
100001448,1,0,45.0,2,126986.0,0,0,0
100001449,1,0,48.0,2,110223.0,0,0,0
100001450,1,0,21.0,1,100591.0,0,0,0
100001451,1,1,31.0,1,123257.0,1,0,0
100001452,1,0,35.0,1,137736.0,1,1,1
100001453,1,1,36.0,1,110221.0,1,1,0
100001454,1,1,32.0,1,99703.0,0,0,0
100001455,1,1,26.0,1,106667.0,0,0,0
100001456,1,1,34.0,1,143319.0,1,0,0
100001457,1,1,33.0,2,135557.0,1,1,1
100001458,1,1,50.0,2,93390.0,0,0,0
100001459,1,1,39.0,1,97577.0,1,0,0
100001460,1,0,52.0,2,124196.0,0,0,1
100001461,1,1,36.0,1,81136.0,0,0,0
100001462,1,1,29.0,1,119439.0,1,0,0
100001463,1,1,36.0,1,145231.0,1,1,1
100001464,1,1,36.0,1,85623.0,0,0,0
100001465,1,1,27.0,1,145373.0,1,1,1
100001466,1,1,36.0,1,135896.0,2,1,1
100001467,1,1,26.0,1,106470.0,1,1,0
100001468,1,0,57.0,2,113334.0,1,1,1
100001469,1,0,27.0,1,100560.0,0,0,0
100001470,1,1,58.0,2,108442.0,0,0,0
100001471,1,1,27.0,1,64472.0,0,0,0
100001472,1,1,49.0,2,120207.0,1,0,1
100001473,1,1,43.0,2,101680.0,1,0,0
100001474,1,0,45.0,2,92342.0,0,0,0
100001475,1,1,27.0,1,98611.0,0,0,0
100001476,1,1,34.0,1,97613.0,1,1,0
100001477,1,1,21.0,1,82298.0,0,0,0
100001478,1,1,54.0,2,125302.0,1,1,1
100001479,1,1,43.0,2,108725.0,0,0,0
100001480,1,0,25.0,1,85569.0,0,0,0
100001481,1,0,57.0,2,110372.0,0,0,1
100001482,1,1,26.0,1,100511.0,1,1,0
100001483,1,0,30.0,1,110455.0,1,0,0
100001484,1,0,58.0,2,141993.0,0,0,1
100001485,1,1,25.0,1,121789.0,1,1,0
100001486,1,1,23.0,1,138967.0,1,0,0
100001487,1,0,22.0,1,105230.0,1,0,0
100001488,1,1,21.0,1,90656.0,1,1,0
100001489,1,1,20.0,1,115445.0,1,1,0
100001490,1,1,22.0,1,59955.0,0,0,0
100001491,1,0,27.0,1,126268.0,1,1,0
100001492,1,0,24.0,1,80830.0,0,0,0
100001493,1,1,23.0,1,123625.0,1,0,0
100001494,1,1,26.0,1,102543.0,1,1,0
100001495,1,0,28.0,1,101948.0,1,0,0
100001496,1,1,64.0,3,142280.0,1,0,1
100001497,1,1,26.0,1,105434.0,1,1,0
100001498,1,1,31.0,1,106115.0,1,0,0
100001499,1,0,28.0,1,111057.0,0,0,0
100001500,1,1,25.0,1,117758.0,1,1,0
100001501,1,0,49.0,2,118396.0,0,0,0
100001502,1,1,33.0,1,136260.0,1,1,1
100001503,1,0,27.0,1,97192.0,1,0,0
100001504,1,1,59.0,2,62101.0,0,0,0
100001505,1,1,28.0,1,123497.0,1,0,0
100001506,1,1,24.0,1,120326.0,1,1,0
100001507,1,1,26.0,1,66645.0,0,0,0
100001508,1,0,33.0,1,83429.0,0,0,0
100001509,1,0,37.0,1,107539.0,1,1,0
100001510,1,1,46.0,2,153880.0,1,0,1
100001511,1,1,62.0,2,140178.0,0,1,1
100001512,1,0,26.0,1,100402.0,0,0,0
100001513,1,1,49.0,2,122158.0,0,0,0
100001514,1,1,25.0,1,89331.0,0,0,0
100001515,1,1,37.0,1,125359.0,0,0,0
100001516,1,0,31.0,1,124110.0,1,0,0
100001517,1,0,25.0,1,93526.0,0,0,0
100001518,1,1,21.0,1,70170.0,0,0,0
100001519,1,1,27.0,1,82357.0,0,0,0
100001520,1,1,29.0,1,126745.0,1,0,0
100001521,1,1,30.0,1,103326.0,1,1,0
100001522,1,1,26.0,1,116048.0,1,1,0
100001523,1,1,40.0,2,137115.0,0,0,0
100001524,1,1,23.0,1,105365.0,1,1,0
100001525,1,1,31.0,1,95911.0,1,0,0
100001526,1,1,29.0,1,88669.0,0,0,0
100001527,1,0,22.0,1,103776.0,0,0,0
100001528,1,1,26.0,1,108864.0,1,1,0
100001529,1,0,39.0,1,106037.0,1,1,0
100001530,1,0,35.0,1,84851.0,0,0,0
100001531,1,1,26.0,1,95748.0,1,1,0
100001532,1,1,28.0,1,133616.0,1,1,1
100001533,1,1,56.0,2,132752.0,1,0,1
100001534,1,1,22.0,1,95712.0,1,1,0
100001535,1,1,26.0,1,109063.0,1,0,0
100001536,1,0,41.0,1,113521.0,1,0,0
100001537,1,1,29.0,1,109380.0,1,1,0
100001538,1,1,42.0,2,82558.0,0,0,0
100001539,1,1,50.0,2,124777.0,1,1,1
100001540,1,1,33.0,1,133542.0,1,0,0
100001541,1,1,28.0,1,116492.0,1,1,0
100001542,1,1,27.0,1,68834.0,0,0,0
100001543,1,1,27.0,1,124023.0,1,0,0
100001544,1,0,28.0,1,63882.0,0,0,0
100001545,1,1,24.0,1,122492.0,1,1,0
100001546,1,0,28.0,1,141453.0,2,1,1
100001547,1,1,32.0,1,99327.0,1,0,0
100001548,1,0,32.0,1,45590.0,0,0,0
100001549,1,0,30.0,1,71167.0,0,0,0
100001550,1,1,29.0,1,111992.0,1,0,0
100001551,1,1,37.0,1,145140.0,1,1,1
100001552,1,1,24.0,1,49672.0,0,0,0
100001553,1,1,36.0,1,75536.0,0,0,0
100001554,1,1,40.0,2,86720.0,0,0,0
100001555,1,1,51.0,2,97729.0,0,0,0
100001556,1,1,33.0,1,106808.0,0,0,0
100001557,1,0,31.0,1,117971.0,1,0,0
100001558,1,1,29.0,1,97731.0,1,1,0
100001559,1,0,48.0,2,109196.0,0,0,0
100001560,1,1,25.0,1,94905.0,1,0,0
100001561,1,0,28.0,1,57480.0,0,0,0
100001562,1,1,23.0,1,109175.0,1,1,0
100001563,1,1,32.0,1,111174.0,1,1,0
100001564,1,1,34.0,1,127255.0,1,0,0
100001565,1,0,23.0,1,115499.0,1,0,0
100001566,1,1,25.0,1,109499.0,1,1,0
100001567,1,0,25.0,1,104696.0,1,0,0
100001568,1,1,27.0,1,104467.0,1,0,0
100001569,1,1,29.0,1,120157.0,1,0,0
100001570,1,1,46.0,2,81200.0,0,0,0
100001571,1,1,61.0,2,97558.0,0,0,0
100001572,1,1,25.0,1,95914.0,1,0,0
100001573,1,1,33.0,3,128053.0,1,0,0
100001574,1,1,49.0,2,101734.0,0,0,0
100001575,1,1,21.0,1,126009.0,1,0,0
100001576,1,0,19.0,1,91232.0,0,0,0
100001577,1,1,33.0,3,128343.0,0,0,0
100001578,1,1,31.0,1,110040.0,1,1,0
100001579,1,1,27.0,1,38247.0,0,0,0
100001580,1,1,37.0,1,129027.0,0,0,0
100001581,1,1,27.0,1,115026.0,1,0,0
100001582,1,0,36.0,1,130323.0,1,0,0
100001583,1,1,24.0,1,103181.0,1,1,0
100001584,1,1,31.0,1,138307.0,1,1,1
100001585,1,1,29.0,1,122564.0,0,0,0
100001586,1,0,28.0,1,82351.0,0,0,0
100001587,1,1,34.0,1,125351.0,1,0,0
100001588,1,1,26.0,1,82940.0,0,0,0
100001589,1,0,21.0,1,108029.0,1,0,0
100001590,1,1,63.0,2,82734.0,0,0,0
100001591,1,0,38.0,2,116816.0,0,0,0
100001592,1,1,20.0,1,113472.0,0,0,0
100001593,1,1,44.0,2,143343.0,1,1,1
100001594,1,1,31.0,1,104074.0,1,1,0
100001595,1,0,33.0,1,138525.0,1,1,1
100001596,1,1,49.0,2,106960.0,0,0,0
100001597,1,0,26.0,1,108323.0,1,0,0
100001598,1,1,28.0,1,95784.0,1,0,0
100001599,1,1,30.0,1,140673.0,1,1,1
100001600,1,1,36.0,1,104235.0,1,1,0
100001601,1,1,27.0,1,54041.0,0,0,0
100001602,0,0,23.0,0,107961.0,0,0,0
100001603,0,0,31.0,0,113757.0,1,0,0
100001604,1,1,27.0,1,94884.0,1,0,0
100001605,1,1,25.0,1,126041.0,1,0,0
100001606,1,1,23.0,1,64952.0,0,0,0
100001607,0,1,27.0,1,66764.0,0,0,0
100001608,1,0,38.0,1,67861.0,0,0,0
100001609,0,0,44.0,1,113516.0,0,0,0
100001610,1,1,42.0,1,46109.0,0,0,0
100001611,1,1,25.0,1,103651.0,0,0,0
100001612,0,1,40.0,1,75043.0,0,0,0
100001613,1,1,24.0,1,116473.0,0,0,0
100001614,1,0,39.0,1,96614.0,0,0,0
100001615,0,0,24.0,0,66447.0,0,0,0
100001616,1,0,50.0,1,119068.0,1,0,1
100001617,1,1,28.0,1,122973.0,0,0,0
100001618,1,1,36.0,1,81609.0,0,0,0
100001619,0,0,36.0,1,105519.0,1,0,0
100001620,1,1,40.0,1,86649.0,0,0,0
100001621,1,0,31.0,0,76384.0,0,0,0
100001622,0,1,27.0,1,67136.0,0,0,0
100001623,1,1,35.0,1,93155.0,0,0,0
100001624,0,0,51.0,1,124183.0,0,0,1
100001625,1,0,26.0,0,64860.0,0,0,0
100001626,0,0,33.0,1,87232.0,0,0,0
100001627,1,1,27.0,1,92304.0,0,0,0
100001628,0,0,38.0,1,84254.0,0,0,0
100001629,1,0,30.0,0,106696.0,1,0,0
100001630,0,0,28.0,0,113212.0,1,0,0
100001631,0,0,23.0,0,71076.0,0,0,0
100001632,1,1,23.0,1,114270.0,0,0,0
100001633,1,1,26.0,1,125538.0,1,0,0
100001634,1,1,21.0,1,92442.0,0,0,0
100001635,1,0,36.0,1,75297.0,0,0,0
100001636,1,1,24.0,1,65707.0,0,0,0
100001637,0,0,41.0,1,120387.0,1,0,1
100001638,0,0,42.0,1,120946.0,1,0,1
100001639,0,0,27.0,0,73265.0,0,0,0
100001640,0,1,40.0,1,77481.0,0,0,0
100001641,1,1,34.0,1,91282.0,0,0,0
100001642,0,0,40.0,1,104405.0,0,0,0
100001643,0,0,33.0,1,99646.0,1,0,0
100001644,1,0,49.0,1,97791.0,0,0,0
100001645,0,0,28.0,0,81878.0,0,0,0
100001646,1,1,26.0,1,107908.0,1,0,0
100001647,1,0,40.0,1,98608.0,0,0,0
100001648,0,0,47.0,1,95228.0,0,0,0
100001649,1,1,41.0,1,128163.0,1,0,0
100001650,1,1,29.0,1,94325.0,0,0,0
100001651,1,1,37.0,1,90815.0,0,0,0
100001652,0,0,31.0,0,120719.0,1,0,0
100001653,0,0,35.0,1,110159.0,1,0,0
100001654,0,0,35.0,1,124490.0,1,0,0
100001655,1,1,29.0,1,75161.0,0,0,0
100001656,1,0,37.0,1,127206.0,1,0,0
100001657,0,0,37.0,1,83660.0,0,0,0
100001658,1,1,26.0,1,87400.0,0,0,0
100001659,1,1,28.0,1,78942.0,0,0,0
100001660,1,1,23.0,1,88452.0,0,0,0
100001661,0,0,38.0,1,104128.0,1,0,0
100001662,1,1,30.0,1,100313.0,1,0,0
100001663,1,0,45.0,1,107387.0,1,0,0
100001664,0,0,24.0,0,84355.0,0,0,0
100001665,1,0,35.0,1,112723.0,1,0,0
100001666,1,1,41.0,1,115892.0,1,0,0
100001667,0,1,30.0,1,106597.0,1,0,0
100001668,1,1,30.0,1,121327.0,1,0,0
100001669,1,1,26.0,1,92559.0,0,0,0
100001670,1,1,25.0,1,87537.0,0,0,0
100001671,1,1,23.0,1,70569.0,0,0,0
100001672,1,1,27.0,1,85294.0,0,0,0
100001673,1,0,26.0,0,70905.0,0,0,0
100001674,0,0,25.0,0,103716.0,0,0,0
100001675,0,1,27.0,1,94947.0,1,0,0
100001676,1,0,42.0,1,80116.0,0,0,0
100001677,0,0,35.0,1,86492.0,0,0,0
100001678,1,1,25.0,1,88672.0,0,0,0
100001679,1,1,26.0,1,82984.0,0,0,0
100001680,0,0,38.0,1,128100.0,1,0,1
100001681,1,0,28.0,0,72869.0,0,0,0
100001682,0,1,33.0,1,112227.0,1,0,0
100001683,1,0,40.0,1,94674.0,0,0,0
100001684,1,1,23.0,1,101003.0,1,0,0
100001685,1,0,25.0,0,112924.0,1,0,0
100001686,1,0,28.0,0,108645.0,0,0,0
100001687,0,0,41.0,1,69415.0,0,0,0
100001688,1,0,50.0,1,112204.0,0,0,0
100001689,1,1,23.0,1,109700.0,1,0,0
100001690,1,1,26.0,1,104484.0,1,0,0
100001691,1,1,22.0,1,61239.0,0,0,0
100001692,0,0,37.0,1,119602.0,0,0,0
100001693,1,0,38.0,1,81014.0,0,0,0
100001694,1,1,22.0,1,68165.0,0,0,0
100001695,1,0,30.0,0,88652.0,0,0,0
100001696,0,0,38.0,1,75705.0,0,0,0
100001697,1,1,36.0,1,104189.0,1,0,0
100001698,0,0,41.0,1,71603.0,0,0,0
100001699,1,1,29.0,1,121914.0,1,0,0
100001700,1,1,31.0,1,106637.0,1,0,0
100001701,1,0,31.0,0,99800.0,1,0,0
100001702,1,0,21.0,0,67629.0,0,0,0
100001703,0,0,32.0,0,120354.0,1,0,0
100001704,1,1,35.0,1,122110.0,1,0,0
100001705,0,0,29.0,0,89170.0,0,0,0
100001706,1,0,34.0,1,109195.0,1,0,0
100001707,1,0,38.0,1,92392.0,0,0,0
100001708,1,1,33.0,1,43805.0,0,0,0
100001709,1,1,28.0,1,68389.0,0,0,0
100001710,1,1,28.0,1,112521.0,1,0,0
100001711,0,0,21.0,0,59255.0,0,0,0
100001712,1,1,29.0,1,98612.0,0,0,0
100001713,1,1,26.0,1,70649.0,0,0,0
100001714,1,0,40.0,1,95228.0,0,0,0
100001715,1,0,25.0,0,46865.0,0,0,0
100001716,0,1,20.0,1,101688.0,1,0,0
100001717,1,1,23.0,1,62618.0,0,0,0
100001718,1,0,27.0,0,102531.0,1,0,0
100001719,1,0,36.0,1,100737.0,1,0,0
100001720,1,1,25.0,1,107321.0,1,0,0
100001721,1,1,25.0,1,112879.0,0,0,0
100001722,1,1,34.0,1,125372.0,0,0,0
100001723,1,0,24.0,0,69419.0,0,0,0
100001724,1,0,36.0,1,124759.0,1,0,0
100001725,1,0,40.0,1,79076.0,0,0,0
100001726,0,0,39.0,1,84779.0,0,0,0
100001727,1,0,42.0,1,77393.0,0,0,0
100001728,0,0,35.0,1,113187.0,0,0,0
100001729,1,1,27.0,1,99100.0,1,0,0
100001730,0,0,27.0,0,64954.0,0,0,0
100001731,1,1,23.0,1,103244.0,1,0,0
100001732,1,1,32.0,1,124975.0,1,0,0
100001733,0,1,28.0,1,133582.0,1,0,0
100001734,0,0,22.0,0,103519.0,1,0,0
100001735,0,0,31.0,0,117813.0,1,0,0
100001736,1,1,22.0,1,119902.0,1,0,0
100001737,0,0,23.0,0,70783.0,0,0,0
100001738,1,1,35.0,1,125470.0,0,0,0
100001739,1,1,26.0,1,109782.0,0,0,0
100001740,1,1,28.0,1,78322.0,0,0,0
100001741,0,0,54.0,1,125517.0,1,0,1
100001742,1,0,49.0,1,102463.0,0,0,0
100001743,1,0,38.0,1,89309.0,0,0,0
100001744,1,0,47.0,1,110287.0,1,0,0
100001745,1,0,49.0,1,122391.0,0,0,0
100001746,1,1,30.0,1,116399.0,1,0,0
100001747,1,0,32.0,0,81907.0,0,0,0
100001748,1,1,24.0,1,97909.0,0,0,0
100001749,1,0,25.0,0,68051.0,0,0,0
100001750,0,0,33.0,1,82414.0,0,0,0
100001751,1,1,34.0,1,123089.0,1,0,0
100001752,1,1,24.0,1,66537.0,0,0,0
100001753,1,0,36.0,1,127926.0,0,0,0
100001754,1,0,41.0,1,78963.0,0,0,0
100001755,0,1,33.0,1,108694.0,1,0,0
100001756,1,1,26.0,1,100892.0,1,0,0
100001757,1,0,36.0,1,119560.0,1,0,0
100001758,1,0,35.0,1,116176.0,0,0,0
100001759,0,0,29.0,0,111854.0,1,0,0
100001760,1,1,26.0,1,69831.0,0,0,0
100001761,0,0,31.0,0,69375.0,0,0,0
100001762,0,1,26.0,1,71310.0,0,0,0
100001763,0,0,47.0,1,73913.0,0,0,0
100001764,0,1,20.0,1,95492.0,1,0,0
100001765,0,0,45.0,1,109329.0,0,0,0
100001766,0,0,36.0,1,116027.0,1,0,0
100001767,0,1,31.0,1,81987.0,0,0,0
100001768,1,0,41.0,1,83481.0,0,0,0
100001769,1,0,31.0,0,72361.0,0,0,0
100001770,1,1,27.0,1,106625.0,0,0,0
100001771,1,1,32.0,1,123707.0,1,0,0
100001772,1,0,43.0,1,79353.0,0,0,0
100001773,1,0,32.0,0,68347.0,0,0,0
100001774,1,1,29.0,1,115832.0,1,0,0
100001775,0,0,37.0,1,89946.0,0,0,0
100001776,1,0,35.0,1,86319.0,0,0,0
100001777,1,1,23.0,1,70963.0,0,0,0
100001778,0,0,40.0,1,106120.0,1,0,0
100001779,1,1,26.0,1,97856.0,1,0,0
100001780,0,0,28.0,0,61824.0,0,0,0
100001781,1,1,40.0,1,103907.0,1,0,0
100001782,1,1,26.0,1,99953.0,0,0,0
100001783,1,1,23.0,1,113413.0,1,0,0
100001784,0,0,26.0,0,107091.0,0,0,0
100001785,0,0,26.0,0,124783.0,1,0,0
100001786,1,0,49.0,1,92281.0,0,0,0
100001787,1,1,26.0,1,96219.0,1,0,0
100001788,1,0,35.0,1,86221.0,0,0,0
100001789,1,1,24.0,1,80962.0,0,0,0
100001790,1,0,46.0,1,78754.0,0,0,0
100001791,0,0,26.0,0,60026.0,0,0,0
100001792,0,0,47.0,1,88157.0,0,0,0
100001793,0,0,27.0,0,59881.0,0,0,0
100001794,0,1,41.0,1,112818.0,1,0,0
100001795,1,1,29.0,1,102250.0,1,0,0
100001796,1,1,28.0,1,38980.0,0,0,0
100001797,1,1,33.0,1,81807.0,0,0,0
100001798,1,0,50.0,1,93148.0,0,0,0
100001799,1,1,32.0,1,108032.0,1,0,0
100001800,0,1,31.0,1,89335.0,0,0,0
100001801,0,0,52.0,1,95639.0,0,0,0
100001802,0,0,53.0,1,124902.0,1,0,1
100001803,1,1,34.0,1,87801.0,0,0,0
100001804,1,1,22.0,1,92538.0,1,0,0
100001805,0,1,33.0,1,83687.0,0,0,0
100001806,0,0,32.0,0,128310.0,1,0,0
100001807,1,0,45.0,1,104754.0,0,0,0
100001808,0,1,25.0,1,68222.0,0,0,0
100001809,1,1,41.0,1,97006.0,0,0,0
100001810,1,0,36.0,1,107372.0,0,0,0
100001811,1,1,27.0,1,110511.0,1,0,0
100001812,0,0,40.0,1,72193.0,0,0,0
100001813,1,0,37.0,1,95972.0,0,0,0
100001814,0,0,35.0,1,105556.0,0,0,0
100001815,0,0,34.0,1,88701.0,0,0,0
100001816,1,0,28.0,0,117710.0,1,0,0
100001817,1,0,44.0,1,76057.0,0,0,0
100001818,0,1,27.0,1,100392.0,1,0,0
100001819,1,0,50.0,1,113308.0,1,0,1
100001820,1,1,18.0,1,100924.0,1,0,0
100001821,1,0,25.0,0,72188.0,0,0,0
100001822,1,1,40.0,1,70431.0,0,0,0
100001823,0,1,28.0,1,110103.0,1,0,0
100001824,1,1,23.0,1,60825.0,0,0,0
100001825,1,1,35.0,1,75100.0,0,0,0
100001826,1,1,28.0,1,129327.0,1,0,0
100001827,1,0,23.0,0,95541.0,1,0,0
100001828,0,1,34.0,1,112777.0,1,0,0
100001829,1,1,29.0,1,51496.0,0,0,0
100001830,1,0,35.0,1,102781.0,1,0,0
100001831,1,1,32.0,1,87494.0,0,0,0
100001832,1,0,46.0,1,72728.0,0,0,0
100001833,1,1,27.0,1,114775.0,1,0,0
100001834,1,1,25.0,1,124359.0,1,0,0
100001835,1,1,27.0,1,101620.0,0,0,0
100001836,1,1,24.0,1,87964.0,0,0,0
100001837,1,0,33.0,0,69523.0,0,0,0
100001838,1,1,24.0,1,109486.0,1,0,0
100001839,1,0,28.0,0,77206.0,0,0,0
100001840,1,0,35.0,1,53608.0,0,0,0
100001841,1,1,30.0,1,118677.0,1,0,0
100001842,0,0,43.0,1,116512.0,1,0,1
100001843,0,1,21.0,1,114756.0,0,0,0
100001844,1,1,24.0,1,65852.0,0,0,0
100001845,0,0,34.0,1,75626.0,0,0,0
100001846,1,1,26.0,1,127455.0,1,0,0
100001847,0,0,37.0,1,107073.0,1,0,0
100001848,1,1,32.0,1,82196.0,0,0,0
100001849,1,1,33.0,1,106741.0,0,0,0
100001850,0,1,28.0,1,94518.0,1,0,0
100001851,1,1,30.0,1,114430.0,1,0,0
100001852,1,1,26.0,1,57165.0,0,0,0
100001853,1,0,25.0,0,109610.0,0,0,0
100001854,0,0,33.0,0,113619.0,1,0,0
100001855,1,1,30.0,1,93854.0,1,0,0
100001856,1,1,26.0,1,129022.0,1,0,0
100001857,0,1,23.0,1,66804.0,0,0,0
100001858,0,1,25.0,1,62689.0,0,0,0
100001859,1,0,40.0,1,67619.0,0,0,0
100001860,0,0,46.0,1,113495.0,0,0,0
100001861,1,1,43.0,1,48632.0,0,0,0
100001862,1,1,22.0,1,107394.0,0,0,0
100001863,0,1,39.0,1,72385.0,0,0,0
100001864,1,1,27.0,1,115934.0,0,0,0
100001865,0,0,40.0,1,93183.0,0,0,0
100001866,0,0,24.0,0,63506.0,0,0,0
100001867,1,0,52.0,1,113619.0,1,0,1
100001868,1,1,30.0,1,121399.0,0,0,0
100001869,1,1,34.0,1,78281.0,0,0,0
100001870,1,0,38.0,1,103926.0,1,0,0
100001871,0,1,39.0,1,89097.0,0,0,0
100001872,1,0,29.0,0,80852.0,0,0,0
100001873,0,1,25.0,1,65207.0,0,0,0
100001874,1,1,35.0,1,93495.0,0,0,0
100001875,0,0,53.0,1,121970.0,0,0,1
100001876,0,0,26.0,0,62027.0,0,0,0
100001877,0,0,33.0,1,88602.0,0,0,0
100001878,0,1,29.0,1,89914.0,0,0,0
100001879,0,0,39.0,1,83342.0,0,0,0
100001880,0,0,29.0,0,103439.0,1,0,0
100001881,0,0,26.0,0,115451.0,1,0,0
100001882,0,0,24.0,0,68250.0,0,0,0
100001883,1,1,21.0,1,113630.0,0,0,0
100001884,1,1,26.0,1,125880.0,1,0,0
100001885,1,1,20.0,1,91177.0,0,0,0
100001886,1,0,35.0,1,73266.0,0,0,0
100001887,1,1,24.0,1,69021.0,0,0,0
100001888,1,0,40.0,1,122593.0,1,0,0
100001889,1,0,44.0,1,122180.0,1,0,1
100001890,0,0,29.0,0,75160.0,0,0,0
100001891,1,1,39.0,1,81973.0,0,0,0
100001892,1,1,35.0,1,92194.0,0,0,0
100001893,0,0,42.0,1,107380.0,0,0,0
100001894,1,0,32.0,1,98023.0,1,0,0
100001895,0,0,48.0,1,94868.0,0,0,0
100001896,0,0,26.0,0,83442.0,0,0,0
100001897,1,1,26.0,1,109887.0,1,0,0
100001898,0,0,42.0,1,98876.0,0,0,0
100001899,0,0,48.0,1,94962.0,0,0,0
100001900,1,1,42.0,1,130740.0,1,0,1
100001901,1,1,27.0,1,94095.0,0,0,0
100001902,1,1,37.0,1,95071.0,0,0,0
100001903,0,0,33.0,0,117308.0,1,0,0
100001904,0,0,33.0,1,112093.0,1,0,0
100001905,1,0,37.0,1,123893.0,1,0,0
100001906,1,1,31.0,1,80189.0,0,0,0
100001907,0,0,39.0,1,124089.0,1,0,1
100001908,1,0,40.0,1,82673.0,0,0,0
100001909,1,1,28.0,1,88858.0,0,0,0
100001910,1,1,26.0,1,80540.0,0,0,0
100001911,1,1,24.0,1,84228.0,0,0,0
100001912,0,0,40.0,1,103963.0,1,0,0
100001913,1,1,29.0,1,102397.0,1,0,0
100001914,0,0,43.0,1,111563.0,1,0,0
100001915,0,0,23.0,0,88260.0,0,0,0
100001916,1,0,34.0,1,114767.0,1,0,0
100001917,1,1,42.0,1,113275.0,1,0,0
100001918,1,1,33.0,1,104755.0,1,0,0
100001919,1,1,32.0,1,120525.0,1,0,0
100001920,1,1,26.0,1,96082.0,0,0,0
100001921,1,1,23.0,1,87227.0,0,0,0
100001922,1,1,26.0,1,69333.0,0,0,0
100001923,1,1,27.0,1,87777.0,0,0,0
100001924,0,0,24.0,0,70978.0,0,0,0
100001925,0,0,27.0,0,104196.0,0,0,0
100001926,1,1,26.0,1,97551.0,1,0,0
100001927,1,0,42.0,1,78979.0,0,0,0
100001928,1,0,37.0,1,82500.0,0,0,0
100001929,1,1,26.0,1,86306.0,0,0,0
100001930,1,1,24.0,1,78762.0,0,0,0
100001931,1,0,39.0,1,125543.0,1,0,0
100001932,0,0,26.0,0,70336.0,0,0,0
100001933,0,1,35.0,1,112975.0,1,0,0
100001934,0,0,38.0,1,96681.0,0,0,0
100001935,1,1,24.0,1,98922.0,1,0,0
100001936,1,0,26.0,0,109250.0,1,0,0
100001937,0,0,25.0,0,108960.0,0,0,0
100001938,0,0,40.0,1,71302.0,0,0,0
100001939,1,0,48.0,1,107757.0,0,0,0
100001940,1,1,22.0,1,111600.0,1,0,0
100001941,1,1,25.0,1,102974.0,1,0,0
100001942,0,1,24.0,1,63442.0,0,0,0
100001943,0,0,39.0,1,118913.0,0,0,0
100001944,0,0,39.0,1,80987.0,0,0,0
100001945,1,1,21.0,1,68790.0,0,0,0
100001946,1,0,27.0,0,86462.0,0,0,0
100001947,0,0,40.0,1,76881.0,0,0,0
100001948,1,1,37.0,1,107409.0,1,0,0
100001949,1,0,42.0,1,69114.0,0,0,0
100001950,1,1,31.0,1,119167.0,1,0,0
100001951,1,1,31.0,1,102018.0,1,0,0
100001952,0,0,30.0,0,97680.0,1,0,0
100001953,1,0,23.0,0,65062.0,0,0,0
100001954,0,0,33.0,0,118144.0,1,0,0
100001955,1,1,37.0,1,124548.0,1,0,0
100001956,1,0,29.0,0,85637.0,0,0,0
100001957,1,0,31.0,1,113108.0,1,0,0
100001958,0,0,39.0,1,93554.0,0,0,0
100001959,1,1,33.0,1,42516.0,0,0,0
100001960,0,1,26.0,1,72429.0,0,0,0
100001961,1,1,27.0,1,110154.0,1,0,0
100001962,1,0,20.0,0,60965.0,0,0,0
100001963,1,1,27.0,1,100618.0,0,0,0
100001964,1,1,26.0,1,71021.0,0,0,0
100001965,0,0,40.0,1,94189.0,0,0,0
100001966,0,0,24.0,0,44742.0,0,0,0
100001967,1,1,22.0,1,103201.0,1,0,0
100001968,1,1,24.0,1,62335.0,0,0,0
100001969,1,0,27.0,0,103787.0,1,0,0
100001970,0,0,35.0,1,99401.0,1,0,0
100001971,0,1,27.0,1,105197.0,1,0,0
100001972,1,1,25.0,1,115566.0,0,0,0
100001973,1,1,34.0,1,125843.0,0,0,0
100001974,1,0,24.0,0,67936.0,0,0,0
100001975,1,0,34.0,1,120863.0,1,0,0
100001976,0,0,42.0,1,77317.0,0,0,0
100001977,1,0,38.0,1,84653.0,0,0,0
100001978,0,0,42.0,1,81606.0,0,0,0
100001979,1,0,35.0,1,113380.0,0,0,0
100001980,1,1,27.0,1,100644.0,1,0,0
100001981,0,0,25.0,0,64037.0,0,0,0
100001982,1,1,23.0,1,101350.0,1,0,0
100001983,1,1,34.0,1,126334.0,1,0,0
100001984,1,1,28.0,1,130877.0,1,0,0
100001985,0,0,21.0,0,103470.0,1,0,0
100001986,1,0,32.0,0,114588.0,1,0,0
100001987,1,1,21.0,1,120682.0,1,0,0
100001988,0,0,25.0,0,66628.0,0,0,0
100001989,1,1,35.0,1,124447.0,0,0,0
100001990,1,1,25.0,1,106567.0,0,0,0
100001991,1,1,31.0,1,78758.0,0,0,0
100001992,0,0,54.0,1,128537.0,1,0,1
100001993,1,0,51.0,1,101074.0,0,0,0
100001994,1,0,38.0,1,87670.0,0,0,0
100001995,0,0,45.0,1,113414.0,1,0,1
100001996,1,0,47.0,1,123525.0,0,0,0
100001997,1,1,27.0,1,117744.0,1,0,0
100001998,0,0,31.0,0,86400.0,0,0,0
100001999,1,1,24.0,1,97968.0,0,0,0
100002000,0,0,25.0,0,68416.0,0,0,0
